id,year,district_code,district_name,dong_code,dong_name,lot_type_code,lot_type,main_no,sub_no,building_name,contract_day,price,arch_area,land_area,floor,built_year,housing_type,deal_type,address,latitude,longitude
1,2025,11215,광진구,10100,중곡동,1,대지,121,34,(121-34),2025-02-12,327000000,57.6,33.0,1.0,2002.0,연립다세대,중개거래,서울특별시 광진구 중곡동 0121-0034 (121-34),37.5563570233191,127.086510985
2,2025,11215,광진구,10500,자양동,1,대지,13,27,(13-27),2025-06-14,440000000,43.84,28.0,2.0,2002.0,연립다세대,중개거래,서울특별시 광진구 자양동 0013-0027 (13-27),37.5400602691335,127.065087892994
3,2025,11215,광진구,10500,자양동,1,대지,13,50,(13-50),2025-05-30,350000000,23.22,18.0,2.0,2007.0,연립다세대,중개거래,서울특별시 광진구 자양동 0013-0050 (13-50),37.5407211016154,127.065180119813
4,2025,11215,광진구,10100,중곡동,1,대지,134,15,(134-15),2024-12-27,355000000,69.72,32.0,3.0,2004.0,연립다세대,중개거래,서울특별시 광진구 중곡동 0134-0015 (134-15),37.556891543707,127.085204765327
5,2025,11215,광진구,10100,중곡동,1,대지,150,242,(150-242),2024-12-27,310000000,59.6,26.0,4.0,2014.0,연립다세대,중개거래,서울특별시 광진구 중곡동 0150-0242 (150-242),37.5597272084353,127.084763763587
6,2025,11215,광진구,10500,자양동,1,대지,16,32,(16-32),2025-06-28,395000000,19.1,16.0,2.0,2007.0,연립다세대,중개거래,서울특별시 광진구 자양동 0016-0032 (16-32),37.5400814036684,127.063838847287
7,2025,11215,광진구,10200,능동,1,대지,161,0,(161-0),2025-07-05,280000000,40.1,30.0,1.0,2006.0,연립다세대,중개거래,서울특별시 광진구 능동 0161-0000 (161-0),37.5536415109866,127.081045214401
8,2025,11215,광진구,10300,구의동,1,대지,199,8,(199-8),2025-03-02,239000000,27.66,47.03,9.0,2017.0,오피스텔,중개거래,서울특별시 광진구 구의동 0199-0008 (199-8),37.5404564288976,127.095232480401
9,2025,11215,광진구,10100,중곡동,1,대지,220,9,(220-9),2025-06-11,310000000,27.54,21.0,3.0,2013.0,연립다세대,중개거래,서울특별시 광진구 중곡동 0220-0009 (220-9),37.5662310391792,127.082360080076
10,2025,11215,광진구,10300,구의동,1,대지,221,75,(221-75),2025-05-22,150000000,15.78,10.0,4.0,2017.0,연립다세대,직거래,서울특별시 광진구 구의동 0221-0075 (221-75),37.5398022422156,127.08883665532
11,2025,11215,광진구,10300,구의동,1,대지,223,24,(223-24),2025-06-23,400000000,61.0,38.0,3.0,2002.0,연립다세대,중개거래,서울특별시 광진구 구의동 0223-0024 (223-24),37.541146854316,127.090784459955
12,2025,11215,광진구,10500,자양동,1,대지,229,16,(229-16),2025-03-26,240000000,25.28,9.0,1.0,2008.0,연립다세대,중개거래,서울특별시 광진구 자양동 0229-0016 (229-16),37.5356818168091,127.078495773598
13,2025,11215,광진구,10300,구의동,1,대지,230,9,(230-9),2025-07-14,900000000,135.9,66.0,3.0,2003.0,연립다세대,중개거래,서울특별시 광진구 구의동 0230-0009 (230-9),37.5442384200134,127.088813969445
14,2025,11215,광진구,10100,중곡동,1,대지,234,20,(234-20),2025-05-06,330000000,65.76,39.0,3.0,2001.0,연립다세대,중개거래,서울특별시 광진구 중곡동 0234-0020 (234-20),37.5650687387155,127.078005481236
15,2025,11215,광진구,10200,능동,1,대지,240,7,(240-7),2025-05-30,350000000,53.44,27.0,1.0,1997.0,연립다세대,중개거래,서울특별시 광진구 능동 0240-0007 (240-7),37.5537619941707,127.082060147262
16,2025,11215,광진구,10300,구의동,1,대지,242,31,(242-31),2024-12-09,220000000,36.56,25.0,2.0,1987.0,연립다세대,중개거래,서울특별시 광진구 구의동 0242-0031 (242-31),37.5393646570765,127.08746816461
17,2025,11215,광진구,10100,중곡동,1,대지,243,4,(243-4),2025-06-24,287000000,51.1,34.0,1.0,2012.0,연립다세대,중개거래,서울특별시 광진구 중곡동 0243-0004 (243-4),37.5625516818401,127.080340334357
18,2025,11215,광진구,10400,광장동,1,대지,350,8,(350-8),2025-03-07,390000000,62.84,37.0,3.0,2002.0,연립다세대,중개거래,서울특별시 광진구 광장동 0350-0008 (350-8),37.5488508366095,127.105434875886
19,2025,11215,광진구,10900,군자동,1,대지,4,0,(4-0),2025-03-03,385000000,70.4,46.0,3.0,1999.0,연립다세대,중개거래,서울특별시 광진구 군자동 0004-0000 (4-0),37.5572871114739,127.074787807267
20,2025,11215,광진구,10900,군자동,1,대지,473,1,(473-1),2025-05-10,200000000,18.08,29.09,3.0,2019.0,오피스텔,중개거래,서울특별시 광진구 군자동 0473-0001 (473-1),37.5577379944448,127.076993281444
21,2025,11215,광진구,10900,군자동,1,대지,476,13,(476-13),2025-07-03,540000000,65.74,32.0,4.0,2003.0,연립다세대,중개거래,서울특별시 광진구 군자동 0476-0013 (476-13),37.5561630906237,127.078031394404
22,2025,11215,광진구,10500,자양동,1,대지,48,59,(48-59),2025-04-10,1070000000,44.25,28.0,2.0,1986.0,연립다세대,중개거래,서울특별시 광진구 자양동 0048-0059 (48-59),37.5345213306323,127.066292450604
23,2025,11215,광진구,10300,구의동,1,대지,547,8,(547-8),2025-02-27,275000000,33.06,43.09,5.0,1991.0,오피스텔,중개거래,서울특별시 광진구 구의동 0547-0008 (547-8),37.5325273835363,127.092707551171
24,2025,11215,광진구,10100,중곡동,1,대지,552,7,(552-7),2025-06-21,180000000,34.17,22.0,2.0,2008.0,연립다세대,중개거래,서울특별시 광진구 중곡동 0552-0007 (552-7),37.5708266125684,127.083703350427
25,2025,11215,광진구,10500,자양동,1,대지,56,9,(56-9),2025-04-03,1040000000,46.25,19.0,4.0,2002.0,연립다세대,중개거래,서울특별시 광진구 자양동 0056-0009 (56-9),37.5350595877279,127.063338775774
26,2025,11215,광진구,10500,자양동,1,대지,57,91,(57-91),2025-02-26,930000000,26.7,17.0,6.0,2018.0,연립다세대,중개거래,서울특별시 광진구 자양동 0057-0091 (57-91),37.5343462213464,127.06491344081
27,2025,11215,광진구,10500,자양동,1,대지,581,12,(581-12),2025-06-11,385000000,45.21,29.0,3.0,2003.0,연립다세대,직거래,서울특별시 광진구 자양동 0581-0012 (581-12),37.5325838219082,127.074594443269
28,2025,11215,광진구,10500,자양동,1,대지,593,15,(593-15),2025-04-12,460000000,21.445,14.0,2.0,2013.0,연립다세대,중개거래,서울특별시 광진구 자양동 0593-0015 (593-15),37.5297572813449,127.076580646132
29,2025,11215,광진구,10500,자양동,1,대지,603,0,(603-0),2025-04-12,600000000,37.38,23.0,2.0,2013.0,연립다세대,중개거래,서울특별시 광진구 자양동 0603-0000 (603-0),37.5320497274074,127.076952272319
30,2025,11215,광진구,10500,자양동,1,대지,610,8,(610-8),2025-07-04,215000000,34.32,20.0,-1.0,1996.0,연립다세대,중개거래,서울특별시 광진구 자양동 0610-0008 (610-8),37.5333446743894,127.076213667698
31,2025,11215,광진구,10500,자양동,1,대지,611,39,(611-39),2025-04-14,400000000,37.44,24.0,2.0,1986.0,연립다세대,중개거래,서울특별시 광진구 자양동 0611-0039 (611-39),37.5346977475461,127.077398396488
32,2025,11215,광진구,10300,구의동,1,대지,634,6,(634-6),2025-06-03,395000000,68.03,40.0,1.0,2003.0,연립다세대,중개거래,서울특별시 광진구 구의동 0634-0006 (634-6),37.5443609794348,127.083215467496
33,2025,11215,광진구,10500,자양동,1,대지,635,9,(635-9),2025-06-04,180000000,50.76,39.0,-1.0,1987.0,연립다세대,중개거래,서울특별시 광진구 자양동 0635-0009 (635-9),37.5321020277175,127.080932748801
34,2025,11215,광진구,10300,구의동,1,대지,636,8,(636-8),2025-07-04,435000000,72.31,40.0,3.0,2004.0,연립다세대,중개거래,서울특별시 광진구 구의동 0636-0008 (636-8),37.5436790157882,127.08321176744
35,2025,11215,광진구,10500,자양동,1,대지,638,7,(638-7),2025-06-14,800000000,66.97,33.0,1.0,2001.0,연립다세대,중개거래,서울특별시 광진구 자양동 0638-0007 (638-7),37.5306083263804,127.080039172264
36,2025,11215,광진구,10500,자양동,1,대지,640,11,(640-11),2025-05-28,540000000,31.92,19.0,2.0,2009.0,연립다세대,중개거래,서울특별시 광진구 자양동 0640-0011 (640-11),37.5296827743837,127.079033436733
37,2025,11215,광진구,10500,자양동,1,대지,640,24,(640-24),2025-01-04,345000000,32.58,24.0,-1.0,1988.0,연립다세대,중개거래,서울특별시 광진구 자양동 0640-0024 (640-24),37.5294281450478,127.079311703999
38,2025,11215,광진구,10500,자양동,1,대지,640,25,(640-25),2025-04-03,380000000,34.5,23.0,1.0,1986.0,연립다세대,중개거래,서울특별시 광진구 자양동 0640-0025 (640-25),37.5293384237545,127.079284230604
39,2025,11215,광진구,10500,자양동,1,대지,647,33,(647-33),2025-03-27,568000000,43.29,26.0,3.0,2014.0,연립다세대,중개거래,서울특별시 광진구 자양동 0647-0033 (647-33),37.5290879565913,127.080068885677
40,2025,11215,광진구,10500,자양동,1,대지,650,42,(650-42),2025-02-17,495000000,46.02,20.0,2.0,1994.0,연립다세대,중개거래,서울특별시 광진구 자양동 0650-0042 (650-42),37.5296605494025,127.081638784406
41,2025,11215,광진구,10500,자양동,1,대지,651,29,(651-29),2025-01-11,550000000,50.66,23.0,5.0,2002.0,연립다세대,중개거래,서울특별시 광진구 자양동 0651-0029 (651-29),37.5306806449716,127.081795118679
42,2025,11215,광진구,10500,자양동,1,대지,655,45,(655-45),2025-02-28,385000000,42.48,25.0,5.0,2009.0,연립다세대,중개거래,서울특별시 광진구 자양동 0655-0045 (655-45),37.5331853605955,127.082539145232
43,2025,11215,광진구,10500,자양동,1,대지,663,24,(663-24),2025-06-05,400000000,48.0,28.0,3.0,2003.0,연립다세대,중개거래,서울특별시 광진구 자양동 0663-0024 (663-24),37.5302632438016,127.082782673156
44,2025,11215,광진구,10500,자양동,1,대지,664,11,(664-11),2025-05-27,445000000,32.13,19.0,3.0,2007.0,연립다세대,중개거래,서울특별시 광진구 자양동 0664-0011 (664-11),37.5305335992294,127.084107451287
45,2025,11215,광진구,10500,자양동,1,대지,667,24,(667-24),2025-06-03,530000000,47.94,28.0,3.0,2014.0,연립다세대,중개거래,서울특별시 광진구 자양동 0667-0024 (667-24),37.529826255621,127.084817934297
46,2025,11215,광진구,10500,자양동,1,대지,667,35,(667-35),2025-05-03,320000000,22.08,12.0,1.0,2002.0,연립다세대,중개거래,서울특별시 광진구 자양동 0667-0035 (667-35),37.5297798692082,127.084293390069
47,2025,11215,광진구,10100,중곡동,1,대지,67,10,(67-10),2025-06-15,348000000,37.8,26.0,1.0,2019.0,연립다세대,중개거래,서울특별시 광진구 중곡동 0067-0010 (67-10),37.5593118873035,127.09251357621
48,2025,11215,광진구,10500,자양동,1,대지,680,16,(680-16),2025-06-20,670000000,77.24,103.32,8.0,2019.0,오피스텔,중개거래,서울특별시 광진구 자양동 0680-0016 (680-16),37.5363383407274,127.085052277136
49,2025,11215,광진구,10500,자양동,1,대지,682,15,(682-15),2025-03-27,695000000,42.19,21.0,3.0,2002.0,연립다세대,중개거래,서울특별시 광진구 자양동 0682-0015 (682-15),37.5328865091336,127.087042209681
50,2025,11215,광진구,10500,자양동,1,대지,686,11,(686-11),2025-02-21,1472880000,71.64,54.0,2.0,1986.0,연립다세대,직거래,서울특별시 광진구 자양동 0686-0011 (686-11),37.5311977060121,127.087119555906
51,2025,11215,광진구,10500,자양동,1,대지,686,47,(686-47),2025-01-16,873030000,62.41,31.0,1.0,2002.0,연립다세대,직거래,서울특별시 광진구 자양동 0686-0047 (686-47),37.5317965298415,127.087945477921
52,2025,11215,광진구,10500,자양동,1,대지,690,18,(690-18),2025-02-03,974200000,49.68,32.0,4.0,2003.0,연립다세대,직거래,서울특별시 광진구 자양동 0690-0018 (690-18),37.5306464254319,127.088396784032
53,2025,11215,광진구,10500,자양동,1,대지,690,23,(690-23),2025-02-23,666200000,32.29,24.0,1.0,1986.0,연립다세대,직거래,서울특별시 광진구 자양동 0690-0023 (690-23),37.5307682993095,127.087956376181
54,2025,11215,광진구,10500,자양동,1,대지,850,2,(850-2),2025-01-10,267000000,21.09,16.0,3.0,2007.0,연립다세대,중개거래,서울특별시 광진구 자양동 0850-0002 (850-2),37.5378645626077,127.067442039448
55,2025,11215,광진구,10100,중곡동,1,대지,92,20,(92-20),2025-04-30,253000000,62.1,35.0,1.0,2002.0,연립다세대,직거래,서울특별시 광진구 중곡동 0092-0020 (92-20),37.5556948771351,127.088940737892
56,2025,11215,광진구,10300,구의동,1,대지,252,9,AZ0213,2025-01-18,375000000,42.97,0.0,6.0,2014.0,아파트,중개거래,서울특별시 광진구 구의동 0252-0009 AZ0213,37.5394634286348,127.084088853933
57,2025,11215,광진구,10500,자양동,1,대지,227,167,BrickHandsII,2025-01-27,445000000,20.97,20.0,2.0,2018.0,연립다세대,중개거래,서울특별시 광진구 자양동 0227-0167 BrickHandsII,37.5369744118572,127.075705152387
58,2025,11215,광진구,10300,구의동,1,대지,21,4,CA헤쎄드빌,2025-04-05,230000000,29.79,26.0,2.0,2014.0,연립다세대,중개거래,서울특별시 광진구 구의동 0021-0004 CA헤쎄드빌,37.5540047571672,127.095662679345
59,2025,11215,광진구,10700,화양동,1,대지,29,25,DM7 화양,2025-04-02,250000000,14.1,22.1,9.0,2025.0,오피스텔,직거래,서울특별시 광진구 화양동 0029-0025 DM7 화양,37.5448129170703,127.073730110469
60,2025,11215,광진구,10100,중곡동,1,대지,255,1,JHBILL,2025-03-05,475000000,39.86,25.0,2.0,2017.0,연립다세대,중개거래,서울특별시 광진구 중곡동 0255-0001 JHBILL,37.5621669307289,127.077959445943
61,2025,11215,광진구,10700,화양동,1,대지,527,0,KCC파크타운,2025-04-17,236000000,32.16,46.582,13.0,2005.0,오피스텔,중개거래,서울특별시 광진구 화양동 0527-0000 KCC파크타운,37.5465827364135,127.075037832318
62,2025,11215,광진구,10300,구의동,1,대지,232,70,K아트빌,2025-06-19,517000000,52.83,27.0,4.0,2021.0,연립다세대,중개거래,서울특별시 광진구 구의동 0232-0070 K아트빌,37.5439212963001,127.087570123075
63,2025,11215,광진구,10200,능동,1,대지,246,15,LAXVILL,2025-02-14,440000000,59.94,36.0,3.0,2009.0,연립다세대,중개거래,서울특별시 광진구 능동 0246-0015 LAXVILL,37.55441597635,127.085186781751
64,2025,11215,광진구,10200,능동,1,대지,240,8,M캐슬가을,2025-04-08,550000000,51.96,42.0,2.0,2021.0,연립다세대,중개거래,서울특별시 광진구 능동 0240-0008 M캐슬가을,37.5534575678184,127.081900469659
65,2025,11215,광진구,10100,중곡동,1,대지,288,35,RICHEN5,2025-07-12,270000000,34.04,25.0,2.0,2016.0,연립다세대,중개거래,서울특별시 광진구 중곡동 0288-0035 RICHEN5,37.5696624340103,127.086948362177
66,2025,11215,광진구,10500,자양동,1,대지,553,142,RIVERSIDE,2025-07-11,530000000,26.82,19.0,5.0,2023.0,연립다세대,중개거래,서울특별시 광진구 자양동 0553-0142 RIVERSIDE,37.5369837503332,127.065348847751
67,2025,11215,광진구,10300,구의동,1,대지,204,25,SKY파크뷰,2025-01-15,300000000,29.91,31.0,6.0,2020.0,연립다세대,중개거래,서울특별시 광진구 구의동 0204-0025 SKY파크뷰,37.5429158907262,127.091582872339
68,2025,11215,광진구,10100,중곡동,1,대지,126,23,THEArium,2025-01-02,647000000,58.1,37.0,4.0,2021.0,연립다세대,중개거래,서울특별시 광진구 중곡동 0126-0023 THEArium,37.558085933836,127.086896541723
69,2025,11215,광진구,10100,중곡동,1,대지,253,32,THEHEAVEN,2025-01-22,470000000,41.12,26.0,2.0,2017.0,연립다세대,중개거래,서울특별시 광진구 중곡동 0253-0032 THEHEAVEN,37.5615956287029,127.076273787634
70,2025,11215,광진구,10300,구의동,1,대지,16,1,TheHILL,2025-04-11,410000000,58.71,47.0,5.0,2019.0,연립다세대,중개거래,서울특별시 광진구 구의동 0016-0001 TheHILL,37.5549229659965,127.096324780607
71,2025,11215,광진구,10500,자양동,1,대지,227,144,WinnerSiwon,2025-06-14,695000000,23.08,15.0,7.0,2019.0,연립다세대,중개거래,서울특별시 광진구 자양동 0227-0144 WinnerSiwon,37.5369773591271,127.076165996637
72,2025,11215,광진구,10500,자양동,1,대지,601,18,Y-PARK(와이파크),2025-06-19,700000000,28.2,20.0,6.0,2017.0,연립다세대,중개거래,서울특별시 광진구 자양동 0601-0018 Y-PARK(와이파크),37.5324325547136,127.075710064978
73,2025,11215,광진구,10500,자양동,1,대지,680,11,Y-PARK2차,2025-03-13,560000000,47.25,15.0,11.0,2021.0,연립다세대,중개거래,서울특별시 광진구 자양동 0680-0011 Y-PARK2차,37.5361391062664,127.084078219237
74,2025,11215,광진구,10300,구의동,1,대지,209,71,YN빌라(3동),2025-01-08,275000000,60.78,34.0,-1.0,2000.0,연립다세대,중개거래,서울특별시 광진구 구의동 0209-0071 YN빌라(3동),37.5411260904641,127.091421365538
75,2025,11215,광진구,10300,구의동,1,대지,680,0,e편한세상광진그랜드파크,2025-06-20,2285000000,115.997,0.0,24.0,2021.0,아파트,중개거래,서울특별시 광진구 구의동 0680-0000 e편한세상광진그랜드파크,37.5441837427939,127.080896132131
76,2025,11215,광진구,10300,구의동,1,대지,204,12,storyhouseⅣ,2025-05-31,358000000,36.53,20.0,3.0,2016.0,연립다세대,중개거래,서울특별시 광진구 구의동 0204-0012 storyhouseⅣ,37.5429060104646,127.092006962797
77,2025,11215,광진구,10100,중곡동,1,대지,124,48,秀GreenVill,2025-04-07,418000000,48.42,30.0,3.0,2016.0,연립다세대,중개거래,서울특별시 광진구 중곡동 0124-0048 秀GreenVill,37.5581649546863,127.087380240668
78,2025,11215,광진구,10100,중곡동,1,대지,211,24,가든시티,2025-04-22,372000000,29.94,17.0,5.0,2017.0,연립다세대,중개거래,서울특별시 광진구 중곡동 0211-0024 가든시티,37.5691362709934,127.082786964186
79,2025,11215,광진구,10200,능동,1,대지,315,1,가든카운티102동,2025-03-21,475000000,39.08,273.0,6.0,2017.0,연립다세대,중개거래,서울특별시 광진구 능동 0315-0001 가든카운티102동,37.5526723983253,127.077693453232
80,2025,11215,광진구,10300,구의동,1,대지,220,36,가은이스투아,2025-06-27,550000000,48.12,29.0,2.0,2023.0,연립다세대,중개거래,서울특별시 광진구 구의동 0220-0036 가은이스투아,37.5392186827974,127.089765819744
81,2025,11215,광진구,10500,자양동,1,대지,683,19,강변리치빌,2025-02-17,700000000,43.44,31.0,4.0,2009.0,연립다세대,중개거래,서울특별시 광진구 자양동 0683-0019 강변리치빌,37.5331867554481,127.087728411352
82,2025,11215,광진구,10400,광장동,1,대지,182,15,강변빌라3동,2025-04-29,350000000,42.15,25.0,2.0,2016.0,연립다세대,중개거래,서울특별시 광진구 광장동 0182-0015 강변빌라3동,37.5484355889922,127.108591417318
83,2025,11215,광진구,10300,구의동,1,대지,198,5,강변아파트,2025-03-04,190000000,53.07,68.6,2.0,2004.0,오피스텔,직거래,서울특별시 광진구 구의동 0198-0005 강변아파트,37.5398764430706,127.09547094138
84,2025,11215,광진구,10300,구의동,1,대지,667,0,강변에스케이뷰,2025-03-17,244000000,28.01,39.03,4.0,,오피스텔,중개거래,서울특별시 광진구 구의동 0667-0000 강변에스케이뷰,37.5386707378926,127.090182113114
85,2025,11215,광진구,10300,구의동,1,대지,592,39,강변역 센트럴 아이파크,2025-06-19,1493800000,84.981,0.0,8.0,0.0,아파트,중개거래,서울특별시 광진구 구의동 0592-0039 강변역 센트럴 아이파크,37.5345276620302,127.090308481473
86,2025,11215,광진구,10500,자양동,1,대지,665,4,강변연립(665-4),2025-05-02,685000000,80.79,63.0,3.0,1982.0,연립다세대,중개거래,서울특별시 광진구 자양동 0665-0004 강변연립(665-4),37.5301174203212,127.083736127294
87,2025,11215,광진구,10300,구의동,1,대지,547,0,강변현대하이엘,2025-06-24,1540000000,133.81,0.0,16.0,2004.0,아파트,중개거래,서울특별시 광진구 구의동 0547-0000 강변현대하이엘,37.534151371835,127.09221581351
88,2025,11215,광진구,10300,구의동,1,대지,66,76,개성하이빌,2025-05-07,450000000,35.36,27.0,5.0,2015.0,연립다세대,중개거래,서울특별시 광진구 구의동 0066-0076 개성하이빌,37.5455933063556,127.088019620448
89,2025,11215,광진구,10100,중곡동,1,대지,75,3,거성빌라5차,2025-02-18,225000000,50.58,36.0,1.0,1990.0,연립다세대,중개거래,서울특별시 광진구 중곡동 0075-0003 거성빌라5차,37.5584576980413,127.092914188385
90,2025,11215,광진구,10700,화양동,1,대지,12,25,건국빌라(12-25),2025-05-09,330000000,53.34,21.0,1.0,1992.0,연립다세대,중개거래,서울특별시 광진구 화양동 0012-0025 건국빌라(12-25),37.5435617718882,127.070664404685
91,2025,11215,광진구,10700,화양동,1,대지,174,0,건대 트레비앙 오피스텔,2025-02-07,255000000,17.462,30.3256,6.0,2023.0,오피스텔,중개거래,서울특별시 광진구 화양동 0174-0000 건대 트레비앙 오피스텔,37.5475682226645,127.071299514156
92,2025,11215,광진구,10500,자양동,1,대지,2,2,건대입구역자이엘라,2025-04-12,332000000,18.124,32.2613,11.0,2022.0,오피스텔,중개거래,서울특별시 광진구 자양동 0002-0002 건대입구역자이엘라,37.5391238503525,127.069683630291
93,2025,11215,광진구,10100,중곡동,1,대지,617,1,건일빌라,2025-06-11,327000000,55.69,26.0,4.0,2001.0,연립다세대,중개거래,서울특별시 광진구 중곡동 0617-0001 건일빌라,37.5611356155243,127.077051444492
94,2025,11215,광진구,10500,자양동,1,대지,680,6,결,2025-04-21,205000000,13.37,5.0,7.0,2020.0,연립다세대,중개거래,서울특별시 광진구 자양동 0680-0006 결,37.5361391062664,127.084078219237
95,2025,11215,광진구,10500,자양동,1,대지,641,0,경남,2025-06-03,980000000,59.96,0.0,17.0,1999.0,아파트,중개거래,서울특별시 광진구 자양동 0641-0000 경남,37.5289477821397,127.078966591413
96,2025,11215,광진구,10500,자양동,1,대지,666,28,경남아너스빌,2025-05-10,890000000,59.79,0.0,18.0,1997.0,아파트,중개거래,서울특별시 광진구 자양동 0666-0028 경남아너스빌,37.5292885731061,127.082864749328
97,2025,11215,광진구,10700,화양동,1,대지,24,14,경성빌라,2025-06-25,455000000,64.4,35.0,3.0,1993.0,연립다세대,중개거래,서울특별시 광진구 화양동 0024-0014 경성빌라,37.5459126255777,127.066853054858
98,2025,11215,광진구,10500,자양동,1,대지,640,20,경성타워,2025-06-10,580000000,28.19,17.0,5.0,2013.0,연립다세대,중개거래,서울특별시 광진구 자양동 0640-0020 경성타워,37.5296552866605,127.079178672237
99,2025,11215,광진구,10900,군자동,1,대지,240,0,경성하이츠,2025-06-21,340000000,50.64,23.0,2.0,1996.0,연립다세대,중개거래,서울특별시 광진구 군자동 0240-0000 경성하이츠,37.5529113453304,127.076447478776
100,2025,11215,광진구,10300,구의동,1,대지,51,19,공원빌라,2025-04-04,300000000,79.615,43.0,1.0,1996.0,연립다세대,중개거래,서울특별시 광진구 구의동 0051-0019 공원빌라,37.5526821428695,127.091157422921
101,2025,11215,광진구,10400,광장동,1,대지,567,0,광나루현대,2025-06-20,1500000000,84.92,0.0,12.0,1996.0,아파트,중개거래,서울특별시 광진구 광장동 0567-0000 광나루현대,37.5470812420491,127.10855459915
102,2025,11215,광진구,10100,중곡동,1,대지,646,10,광남캐스빌3차,2025-06-05,505000000,69.6,0.0,2.0,2002.0,아파트,중개거래,서울특별시 광진구 중곡동 0646-0010 광남캐스빌3차,37.5589266709124,127.079051865013
103,2025,11215,광진구,10300,구의동,1,대지,59,29,광동빌라,2025-02-21,185000000,31.8,14.0,3.0,1999.0,연립다세대,중개거래,서울특별시 광진구 구의동 0059-0029 광동빌라,37.5483244745711,127.09276547442
104,2025,11215,광진구,10500,자양동,1,대지,667,2,광양아트빌라트,2025-05-22,790000000,87.84,66.0,1.0,2001.0,연립다세대,중개거래,서울특별시 광진구 자양동 0667-0002 광양아트빌라트,37.530294295942,127.084984773192
105,2025,11215,광진구,10400,광장동,1,대지,350,1,광장동현대Ⅰ빌라트,2025-02-05,1295000000,163.79,0.0,3.0,2002.0,아파트,중개거래,서울특별시 광진구 광장동 0350-0001 광장동현대Ⅰ빌라트,37.5492794520241,127.105119865271
106,2025,11215,광진구,10400,광장동,1,대지,530,1,광장르엣지29,2025-02-03,1120000000,61.68,0.0,5.0,2024.0,아파트,직거래,서울특별시 광진구 광장동 0530-0001 광장르엣지29,37.5429813142048,127.094428900535
107,2025,11215,광진구,10400,광장동,1,대지,457,3,광장빌리지(457-3),2025-05-10,580000000,56.87,28.0,3.0,2015.0,연립다세대,중개거래,서울특별시 광진구 광장동 0457-0003 광장빌리지(457-3),37.5417838161562,127.100517153246
108,2025,11215,광진구,10400,광장동,1,대지,581,0,광장자이,2025-06-20,2600000000,158.26,0.0,7.0,2008.0,아파트,중개거래,서울특별시 광진구 광장동 0581-0000 광장자이,37.54257313525,127.095246940713
109,2025,11215,광진구,10400,광장동,1,대지,576,0,광장현대9단지,2025-06-27,1730000000,84.96,0.0,1.0,1999.0,아파트,중개거래,서울특별시 광진구 광장동 0576-0000 광장현대9단지,37.5424699220874,127.09773245669
110,2025,11215,광진구,10400,광장동,1,대지,582,0,광장힐스테이트,2025-06-21,2800000000,130.17,0.0,23.0,2012.0,아파트,중개거래,서울특별시 광진구 광장동 0582-0000 광장힐스테이트,37.5431780182608,127.099564904065
111,2025,11215,광진구,10900,군자동,1,대지,503,0,광진We’vePark,2025-05-02,1390000000,131.96,0.0,14.0,2008.0,아파트,중개거래,서울특별시 광진구 군자동 0503-0000 광진We’vePark,37.5484379045958,127.071086917603
112,2025,11215,광진구,10700,화양동,1,대지,532,0,광진스위트엠아파트,2025-03-10,925000000,84.99,0.0,6.0,2021.0,아파트,중개거래,서울특별시 광진구 화양동 0532-0000 광진스위트엠아파트,37.5458336997714,127.074526056376
113,2025,11215,광진구,10700,화양동,1,대지,21,20,광진캠퍼스시티,2025-01-08,195000000,24.377,40.337,10.0,2017.0,오피스텔,중개거래,서울특별시 광진구 화양동 0021-0020 광진캠퍼스시티,37.5478019769293,127.067876253552
114,2025,11215,광진구,10700,화양동,1,대지,113,1,광진코지웰,2025-04-29,170000000,18.63,0.0,8.0,2014.0,아파트,중개거래,서울특별시 광진구 화양동 0113-0001 광진코지웰,37.547067569974,127.07184085057
115,2025,11215,광진구,10500,자양동,1,대지,854,0,광진트라팰리스,2025-01-23,700000000,63.86,95.23,3.0,2006.0,오피스텔,중개거래,서울특별시 광진구 자양동 0854-0000 광진트라팰리스,37.5318922601242,127.067948157119
116,2025,11215,광진구,10300,구의동,1,대지,670,0,광진파크프라이빗,2025-02-20,575000000,47.1,0.0,2.0,2020.0,아파트,중개거래,서울특별시 광진구 구의동 0670-0000 광진파크프라이빗,37.5432509878955,127.091910752474
117,2025,11215,광진구,10300,구의동,1,대지,682,0,광진파크하우스,2025-02-19,570000000,45.582,0.0,6.0,2023.0,아파트,중개거래,서울특별시 광진구 구의동 0682-0000 광진파크하우스,37.5473875097122,127.08735294776
118,2025,11215,광진구,10500,자양동,1,대지,811,0,광진하나플러스,2025-05-21,1350000000,84.64,0.0,11.0,2005.0,아파트,중개거래,서울특별시 광진구 자양동 0811-0000 광진하나플러스,37.5295481676458,127.075728758153
119,2025,11215,광진구,10500,자양동,1,대지,813,0,광진하우스토리한강,2025-04-05,2680000000,141.54,0.0,11.0,2008.0,아파트,중개거래,서울특별시 광진구 자양동 0813-0000 광진하우스토리한강,37.5300176447303,127.089792805342
120,2025,11215,광진구,10300,구의동,1,대지,547,7,광진해모로리버뷰,2025-03-07,250000000,47.93,75.32,2.0,2009.0,오피스텔,직거래,서울특별시 광진구 구의동 0547-0007 광진해모로리버뷰,37.534151371835,127.09221581351
121,2025,11215,광진구,10300,구의동,1,대지,248,130,광현빌라,2025-03-28,330000000,76.52,40.0,2.0,2000.0,연립다세대,직거래,서울특별시 광진구 구의동 0248-0130 광현빌라,37.5398957327979,127.085463204495
122,2025,11215,광진구,10300,구의동,1,대지,49,10,광현빌라트13차,2025-02-28,315000000,69.52,28.0,5.0,2001.0,연립다세대,중개거래,서울특별시 광진구 구의동 0049-0010 광현빌라트13차,37.5523407442358,127.092445771391
123,2025,11215,광진구,10300,구의동,1,대지,546,7,구의강변우성아파트,2025-06-24,1590000000,84.76,0.0,17.0,1992.0,아파트,중개거래,서울특별시 광진구 구의동 0546-0007 구의강변우성아파트,37.5353400419669,127.09293075646
124,2025,11215,광진구,10300,구의동,1,대지,642,3,구의동에코하임,2025-06-08,620000000,52.98,34.0,5.0,2023.0,연립다세대,직거래,서울특별시 광진구 구의동 0642-0003 구의동에코하임,37.543309508693,127.081933723897
125,2025,11215,광진구,10300,구의동,1,대지,80,29,구의동홀가하우스,2025-03-18,480000000,26.96,15.0,9.0,2020.0,연립다세대,중개거래,서울특별시 광진구 구의동 0080-0029 구의동홀가하우스,37.5463244528774,127.086329989872
126,2025,11215,광진구,10300,구의동,1,대지,251,171,구의에코하임,2025-06-17,507000000,29.4,13.0,8.0,2025.0,연립다세대,직거래,서울특별시 광진구 구의동 0251-0171 구의에코하임,37.5410248658138,127.084461065582
127,2025,11215,광진구,10300,구의동,1,대지,671,0,구의자이르네,2025-07-12,925000000,59.781,0.0,13.0,2021.0,아파트,중개거래,서울특별시 광진구 구의동 0671-0000 구의자이르네,37.545466944394,127.088797661055
128,2025,11215,광진구,10300,구의동,1,대지,611,0,구의현대2단지,2025-06-10,1800000000,84.86,0.0,23.0,1996.0,아파트,중개거래,서울특별시 광진구 구의동 0611-0000 구의현대2단지,37.5386275109447,127.095874079019
129,2025,11215,광진구,10300,구의동,1,대지,610,0,구의현대6단지,2025-03-19,1532500000,84.92,0.0,11.0,1994.0,아파트,중개거래,서울특별시 광진구 구의동 0610-0000 구의현대6단지,37.5384985628719,127.09466413874
130,2025,11215,광진구,10300,구의동,1,대지,587,54,구의현대7단지현대홈타운,2025-02-22,980000000,59.97,0.0,7.0,1997.0,아파트,중개거래,서울특별시 광진구 구의동 0587-0054 구의현대7단지현대홈타운,37.5368375299652,127.090930397466
131,2025,11215,광진구,10500,자양동,1,대지,779,11,구의현대하이엘,2025-05-31,800000000,69.08,0.0,15.0,2005.0,아파트,중개거래,서울특별시 광진구 자양동 0779-0011 구의현대하이엘,37.5375239543766,127.082272036701
132,2025,11215,광진구,10200,능동,1,대지,222,2,군자 아델리제,2025-03-27,191000000,17.65,30.2766,6.0,2019.0,오피스텔,중개거래,서울특별시 광진구 능동 0222-0002 군자 아델리제,37.5561465352134,127.081073051993
133,2025,11215,광진구,10300,구의동,1,대지,27,7,궁전빌라,2025-05-24,380000000,78.92,58.0,1.0,1993.0,연립다세대,중개거래,서울특별시 광진구 구의동 0027-0007 궁전빌라,37.5542258806567,127.093729540574
134,2025,11215,광진구,10300,구의동,1,대지,25,18,그랜드빌,2025-03-10,255000000,57.99,25.0,2.0,2002.0,연립다세대,중개거래,서울특별시 광진구 구의동 0025-0018 그랜드빌,37.5532037051557,127.094737736157
135,2025,11215,광진구,10300,구의동,1,대지,31,36,그랜드빌(나),2025-04-28,281000000,57.52,26.0,3.0,2003.0,연립다세대,직거래,서울특별시 광진구 구의동 0031-0036 그랜드빌(나),37.5527331317296,127.093244099038
136,2025,11215,광진구,10500,자양동,1,대지,636,11,그랜드아파트,2025-06-19,740000000,59.1,0.0,6.0,2023.0,아파트,중개거래,서울특별시 광진구 자양동 0636-0011 그랜드아파트,37.5317475979216,127.080237362099
137,2025,11215,광진구,10300,구의동,1,대지,76,1,그랜드파크 오피스텔,2025-02-10,192000000,19.396,28.241,7.0,2017.0,오피스텔,중개거래,서울특별시 광진구 구의동 0076-0001 그랜드파크 오피스텔,37.5513457353509,127.089333351949
138,2025,11215,광진구,10500,자양동,1,대지,617,39,그레이스빌,2025-03-26,345000000,28.8,24.0,4.0,2017.0,연립다세대,중개거래,서울특별시 광진구 자양동 0617-0039 그레이스빌,37.5336689965657,127.08034894044
139,2025,11215,광진구,10100,중곡동,1,대지,190,37,그레이스힐즈,2025-07-09,550000000,45.72,27.0,5.0,2023.0,연립다세대,중개거래,서울특별시 광진구 중곡동 0190-0037 그레이스힐즈,37.5662124181828,127.077936722628
140,2025,11215,광진구,10900,군자동,1,대지,354,5,그리다,2025-06-09,430000000,35.18,35.18,2.0,2024.0,오피스텔,직거래,서울특별시 광진구 군자동 0354-0005 그리다,37.5499974472422,127.068952181187
141,2025,11215,광진구,10900,군자동,1,대지,27,13,그리미아빌,2025-05-08,400000000,75.45,41.0,5.0,2000.0,연립다세대,중개거래,서울특별시 광진구 군자동 0027-0013 그리미아빌,37.5534409228372,127.075933887051
142,2025,11215,광진구,10500,자양동,1,대지,665,0,그린,2025-02-06,830000000,75.32,0.0,1.0,2003.0,아파트,중개거래,서울특별시 광진구 자양동 0665-0000 그린,37.5299441279929,127.083012549762
143,2025,11215,광진구,10500,자양동,1,대지,800,9,그린빌,2025-04-04,630000000,52.11,34.0,3.0,2007.0,연립다세대,중개거래,서울특별시 광진구 자양동 0800-0009 그린빌,37.5363873455533,127.07719670886
144,2025,11215,광진구,10100,중곡동,1,대지,608,5,그린빌라,2025-05-02,270000000,29.723,20.0,2.0,2015.0,연립다세대,중개거래,서울특별시 광진구 중곡동 0608-0005 그린빌라,37.5703708578232,127.085879710816
145,2025,11215,광진구,10300,구의동,1,대지,36,34,그린아트빌라(A),2025-04-28,110000000,41.64,29.0,-1.0,1989.0,연립다세대,중개거래,서울특별시 광진구 구의동 0036-0034 그린아트빌라(A),37.5501831489263,127.095694686781
146,2025,11215,광진구,10100,중곡동,1,대지,130,1,그린트리,2025-03-24,650000000,84.3,0.0,4.0,2004.0,아파트,중개거래,서울특별시 광진구 중곡동 0130-0001 그린트리,37.5562082169518,127.085219265845
147,2025,11215,광진구,10100,중곡동,1,대지,258,6,그린하우스,2025-05-29,305000000,48.0,28.0,5.0,2002.0,연립다세대,중개거래,서울특별시 광진구 중곡동 0258-0006 그린하우스,37.560771117775,127.079430141813
148,2025,11215,광진구,10900,군자동,1,대지,76,17,그린하우스(2차),2025-03-19,215000000,83.31,57.0,-1.0,1997.0,연립다세대,중개거래,서울특별시 광진구 군자동 0076-0017 그린하우스(2차),37.5535989449278,127.075391620992
149,2025,11215,광진구,10300,구의동,1,대지,57,109,그린힐(57-109),2025-05-10,280000000,43.2,21.0,4.0,2003.0,연립다세대,중개거래,서울특별시 광진구 구의동 0057-0109 그린힐(57-109),37.5502802788366,127.092985289252
150,2025,11215,광진구,10400,광장동,1,대지,218,1,극동1,2025-06-11,3300000000,156.92,0.0,11.0,1985.0,아파트,중개거래,서울특별시 광진구 광장동 0218-0001 극동1,37.5431587122415,127.104188607133
151,2025,11215,광진구,10400,광장동,1,대지,218,1,극동2,2025-06-06,3000000000,156.91,0.0,8.0,1989.0,아파트,중개거래,서울특별시 광진구 광장동 0218-0001 극동2,37.5431587122415,127.104188607133
152,2025,11215,광진구,10300,구의동,1,대지,209,4,극동하이빌(209-4),2025-04-09,325000000,57.51,33.0,1.0,2001.0,연립다세대,중개거래,서울특별시 광진구 구의동 0209-0004 극동하이빌(209-4),37.5406579606106,127.091731845958
153,2025,11215,광진구,10900,군자동,1,대지,63,0,극동하이츠빌라(가),2025-04-17,265000000,34.46,19.0,1.0,1992.0,연립다세대,중개거래,서울특별시 광진구 군자동 0063-0000 극동하이츠빌라(가),37.5546238425608,127.074519870317
154,2025,11215,광진구,10500,자양동,1,대지,791,0,금강KCC,2025-01-24,1310000000,84.73,0.0,10.0,2002.0,아파트,중개거래,서울특별시 광진구 자양동 0791-0000 금강KCC,37.5376407510953,127.074350784543
155,2025,11215,광진구,10100,중곡동,1,대지,147,66,금강빌라(147-66),2025-06-13,300000000,96.97,53.0,2.0,1995.0,연립다세대,중개거래,서울특별시 광진구 중곡동 0147-0066 금강빌라(147-66),37.5608897864169,127.089138189637
156,2025,11215,광진구,10100,중곡동,1,대지,259,9,금강주택,2025-07-02,245000000,44.27,31.0,2.0,1986.0,연립다세대,직거래,서울특별시 광진구 중곡동 0259-0009 금강주택,37.5603879579245,127.079913809349
157,2025,11215,광진구,10200,능동,1,대지,314,9,금선빌라트(가),2025-03-31,550000000,78.41,38.0,1.0,2000.0,연립다세대,중개거래,서울특별시 광진구 능동 0314-0009 금선빌라트(가),37.5520388956377,127.077847043839
158,2025,11215,광진구,10100,중곡동,1,대지,255,21,금성빌라,2025-07-14,550000000,63.6,31.0,2.0,2002.0,연립다세대,중개거래,서울특별시 광진구 중곡동 0255-0021 금성빌라,37.5620763231484,127.078046389533
159,2025,11215,광진구,10300,구의동,1,대지,241,32,금성주택(241-32),2025-06-27,158500000,34.5,23.0,-1.0,1986.0,연립다세대,중개거래,서울특별시 광진구 구의동 0241-0032 금성주택(241-32),37.5406756766857,127.08689194712
160,2025,11215,광진구,10300,구의동,1,대지,237,16,금성하이빌,2024-12-09,460000000,29.49,18.0,5.0,2023.0,연립다세대,직거래,서울특별시 광진구 구의동 0237-0016 금성하이빌,37.5433228724601,127.085576763658
161,2025,11215,광진구,10400,광장동,1,대지,578,0,금호베스트빌,2025-01-24,998000000,59.93,0.0,13.0,2001.0,아파트,중개거래,서울특별시 광진구 광장동 0578-0000 금호베스트빌,37.5437532629126,127.094011537775
162,2025,11215,광진구,10500,자양동,1,대지,590,2,금호연립나동,2025-01-09,730000000,67.17,67.0,2.0,1980.0,연립다세대,중개거래,서울특별시 광진구 자양동 0590-0002 금호연립나동,37.5303638060315,127.074227710021
163,2025,11215,광진구,10300,구의동,1,대지,551,4,금화센스빌,2025-06-25,418000000,71.1,37.0,1.0,2001.0,연립다세대,중개거래,서울특별시 광진구 구의동 0551-0004 금화센스빌,37.5557138201096,127.095041616348
164,2025,11215,광진구,10100,중곡동,1,대지,91,46,금화아트빌,2025-06-26,297000000,31.05,18.0,5.0,2012.0,연립다세대,중개거래,서울특별시 광진구 중곡동 0091-0046 금화아트빌,37.5554513193852,127.089203689591
165,2025,11215,광진구,10500,자양동,1,대지,202,36,까사리버,2025-04-19,880000000,23.35,16.0,4.0,2022.0,연립다세대,중개거래,서울특별시 광진구 자양동 0202-0036 까사리버,37.5353071672498,127.061319497564
166,2025,11215,광진구,10300,구의동,1,대지,57,15,까사밀라,2025-05-22,397500000,39.24,28.0,3.0,2022.0,연립다세대,직거래,서울특별시 광진구 구의동 0057-0015 까사밀라,37.5502284863456,127.092622416545
167,2025,11215,광진구,10300,구의동,1,대지,45,5,나경그린빌,2025-05-23,385000000,55.99,28.0,3.0,2012.0,연립다세대,중개거래,서울특별시 광진구 구의동 0045-0005 나경그린빌,37.551099820517,127.09435596451
168,2025,11215,광진구,10100,중곡동,1,대지,147,101,나경빌,2025-05-03,297000000,42.57,27.0,3.0,2011.0,연립다세대,중개거래,서울특별시 광진구 중곡동 0147-0101 나경빌,37.5608897864169,127.089138189637
169,2025,11215,광진구,10100,중곡동,1,대지,123,38,나경타운,2025-01-31,240000000,53.69,39.0,6.0,2015.0,연립다세대,직거래,서울특별시 광진구 중곡동 0123-0038 나경타운,37.5563791130262,127.087590131627
170,2025,11215,광진구,10300,구의동,1,대지,22,29,나경타운(22-29),2025-03-27,355000000,43.78,31.0,2.0,2017.0,연립다세대,중개거래,서울특별시 광진구 구의동 0022-0029 나경타운(22-29),37.553730557257,127.094913817698
171,2025,11215,광진구,10100,중곡동,1,대지,106,36,나래빌Ⅲ,2025-03-31,179000000,36.54,18.0,4.0,2002.0,연립다세대,중개거래,서울특별시 광진구 중곡동 0106-0036 나래빌Ⅲ,37.5557421608662,127.093284969159
172,2025,11215,광진구,10900,군자동,1,대지,465,24,나래아트빌,2025-06-20,595000000,59.94,33.0,3.0,2008.0,연립다세대,중개거래,서울특별시 광진구 군자동 0465-0024 나래아트빌,37.5574116297467,127.074072431115
173,2025,11215,광진구,10400,광장동,1,대지,350,3,나폴리움,2025-05-24,440000000,42.99,35.0,4.0,2015.0,연립다세대,중개거래,서울특별시 광진구 광장동 0350-0003 나폴리움,37.5489313232751,127.105201985698
174,2025,11215,광진구,10300,구의동,1,대지,251,90,남양빌라,2025-01-25,318000000,49.95,25.0,3.0,1991.0,연립다세대,중개거래,서울특별시 광진구 구의동 0251-0090 남양빌라,37.5401267469677,127.084085638595
175,2025,11215,광진구,10500,자양동,1,대지,218,38,네모하우스(218-38),2025-03-22,548000000,54.78,28.0,5.0,2014.0,연립다세대,중개거래,서울특별시 광진구 자양동 0218-0038 네모하우스(218-38),37.536346904238,127.081337641224
176,2025,11215,광진구,10100,중곡동,1,대지,646,21,네스빌(646-21),2025-01-24,605000000,68.66,47.0,3.0,2011.0,연립다세대,중개거래,서울특별시 광진구 중곡동 0646-0021 네스빌(646-21),37.5592708390229,127.079607145815
177,2025,11215,광진구,10200,능동,1,대지,255,18,노블레스 빌,2025-05-23,170000000,24.04,30.64,5.0,2003.0,오피스텔,중개거래,서울특별시 광진구 능동 0255-0018 노블레스 빌,37.5536993571029,127.087359522177
178,2025,11215,광진구,10100,중곡동,1,대지,235,29,누리마루,2025-05-10,435000000,43.575,28.0,2.0,2016.0,연립다세대,중개거래,서울특별시 광진구 중곡동 0235-0029 누리마루,37.5651858343029,127.077509726431
179,2025,11215,광진구,10300,구의동,1,대지,210,65,뉴씨티빌,2025-06-11,400000000,63.09,34.0,3.0,2003.0,연립다세대,중개거래,서울특별시 광진구 구의동 0210-0065 뉴씨티빌,37.5397838122617,127.091729869844
180,2025,11215,광진구,10300,구의동,1,대지,51,13,뉴월드맨션,2025-05-26,170000000,61.4,29.0,-1.0,1995.0,연립다세대,직거래,서울특별시 광진구 구의동 0051-0013 뉴월드맨션,37.5529771161679,127.091524112146
181,2025,11215,광진구,10300,구의동,1,대지,61,11,뉴청광휴먼빌,2025-06-09,450000000,80.49,49.0,3.0,2002.0,연립다세대,직거래,서울특별시 광진구 구의동 0061-0011 뉴청광휴먼빌,37.5470224038429,127.090609396513
182,2025,11215,광진구,10500,자양동,1,대지,611,34,뉴페리온,2025-01-15,445000000,24.27,15.0,6.0,2019.0,연립다세대,중개거래,서울특별시 광진구 자양동 0611-0034 뉴페리온,37.5351596346249,127.076516361039
183,2025,11215,광진구,10500,자양동,1,대지,688,0,뉴현대빌라(688),2025-03-28,400000000,58.65,24.0,-1.0,1996.0,연립다세대,중개거래,서울특별시 광진구 자양동 0688-0000 뉴현대빌라(688),37.531689104161,127.088222425316
184,2025,11215,광진구,10500,자양동,1,대지,775,12,늘푸른하우스,2025-03-04,490000000,29.98,23.0,3.0,2016.0,연립다세대,중개거래,서울특별시 광진구 자양동 0775-0012 늘푸른하우스,37.5379274236169,127.080571204012
185,2025,11215,광진구,10200,능동,1,대지,253,26,능동벨류,2025-03-17,340000000,28.15,22.0,3.0,2019.0,연립다세대,중개거래,서울특별시 광진구 능동 0253-0026 능동벨류,37.5525695687959,127.086293849238
186,2025,11215,광진구,10100,중곡동,1,대지,199,1,다베로,2025-06-13,560000000,48.74,27.0,5.0,2024.0,연립다세대,직거래,서울특별시 광진구 중곡동 0199-0001 다베로,37.5701872700215,127.083443756537
187,2025,11215,광진구,10300,구의동,1,대지,218,12,다성리버텔,2025-06-21,240000000,34.88,45.03,4.0,2002.0,오피스텔,중개거래,서울특별시 광진구 구의동 0218-0012 다성리버텔,37.5389649266995,127.092725704127
188,2025,11215,광진구,10300,구의동,1,대지,649,7,다성파크빌리지,2025-03-15,260000000,45.84,21.0,3.0,1996.0,연립다세대,중개거래,서울특별시 광진구 구의동 0649-0007 다성파크빌리지,37.5430891569313,127.081886636729
189,2025,11215,광진구,10100,중곡동,1,대지,18,132,다성피렌체,2025-05-05,383000000,49.35,23.0,4.0,2013.0,연립다세대,중개거래,서울특별시 광진구 중곡동 0018-0132 다성피렌체,37.5647691618507,127.088116654614
190,2025,11215,광진구,10500,자양동,1,대지,653,27,다솜,2025-05-08,400000000,44.38,29.0,3.0,2009.0,연립다세대,중개거래,서울특별시 광진구 자양동 0653-0027 다솜,37.5320609768228,127.081275738807
191,2025,11215,광진구,10900,군자동,1,대지,39,1,다우그린빌,2025-06-05,567000000,72.24,36.0,2.0,2002.0,연립다세대,중개거래,서울특별시 광진구 군자동 0039-0001 다우그린빌,37.5561968156028,127.074644004619
192,2025,11215,광진구,10500,자양동,1,대지,230,27,다우쉐르빌,2025-06-04,650000000,61.12,37.0,4.0,2009.0,연립다세대,중개거래,서울특별시 광진구 자양동 0230-0027 다우쉐르빌,37.5358402349662,127.079405841231
193,2025,11215,광진구,10100,중곡동,1,대지,35,3,다우하우스,2025-05-09,271500000,27.73,18.0,4.0,2018.0,연립다세대,중개거래,서울특별시 광진구 중곡동 0035-0003 다우하우스,37.5620541594342,127.086082042717
194,2025,11215,광진구,10100,중곡동,1,대지,150,335,대경펠리스,2025-06-24,393000000,47.72,24.0,5.0,2015.0,연립다세대,중개거래,서울특별시 광진구 중곡동 0150-0335 대경펠리스,37.561380430089,127.088471338167
195,2025,11215,광진구,10100,중곡동,1,대지,150,382,대광빌리지(150-382),2025-02-27,197000000,38.92,22.0,5.0,2010.0,연립다세대,중개거래,서울특별시 광진구 중곡동 0150-0382 대광빌리지(150-382),37.5610006025343,127.085367446153
196,2025,11215,광진구,10500,자양동,1,대지,686,5,대교빌라,2025-03-11,881940000,36.96,30.0,2.0,1990.0,연립다세대,직거래,서울특별시 광진구 자양동 0686-0005 대교빌라,37.5310063455932,127.08685832769
197,2025,11215,광진구,10500,자양동,1,대지,784,1,대동,2025-06-12,999000000,59.54,0.0,9.0,1999.0,아파트,중개거래,서울특별시 광진구 자양동 0784-0001 대동,37.5364211918477,127.06832734047
198,2025,11215,광진구,10500,자양동,1,대지,596,4,대명리치빌,2025-03-24,597000000,34.38,21.0,2.0,2008.0,연립다세대,중개거래,서울특별시 광진구 자양동 0596-0004 대명리치빌,37.5309854918331,127.078009909002
199,2025,11215,광진구,10200,능동,1,대지,380,0,대명이튼캐슬,2025-05-07,567500000,43.48,36.0,4.0,2019.0,연립다세대,중개거래,서울특별시 광진구 능동 0380-0000 대명이튼캐슬,37.5532207874978,127.079925507868
200,2025,11215,광진구,10300,구의동,1,대지,21,9,대명하이츠,2025-05-01,310000000,75.04,36.0,1.0,2000.0,연립다세대,중개거래,서울특별시 광진구 구의동 0021-0009 대명하이츠,37.553834506495,127.096391621696
201,2025,11215,광진구,10300,구의동,1,대지,25,6,대성리센츠빌,2025-06-14,180000000,23.3,23.0,1.0,2009.0,연립다세대,중개거래,서울특별시 광진구 구의동 0025-0006 대성리센츠빌,37.5528637518809,127.094296058295
202,2025,11215,광진구,10300,구의동,1,대지,218,29,대성아트빌라,2025-04-21,255000000,37.92,25.0,1.0,1995.0,연립다세대,중개거래,서울특별시 광진구 구의동 0218-0029 대성아트빌라,37.5389306527036,127.093229171853
203,2025,11215,광진구,10300,구의동,1,대지,50,5,대성예가,2025-03-10,600000000,56.47,34.0,2.0,2017.0,연립다세대,중개거래,서울특별시 광진구 구의동 0050-0005 대성예가,37.5519120524781,127.091864690173
204,2025,11215,광진구,10500,자양동,1,대지,684,0,대양샤인빌,2025-05-01,900000000,53.22,29.0,2.0,2007.0,연립다세대,중개거래,서울특별시 광진구 자양동 0684-0000 대양샤인빌,37.5326927895616,127.088020636314
205,2025,11215,광진구,10100,중곡동,1,대지,138,24,대영아트빌(138-24),2025-06-12,485000000,76.92,34.0,2.0,2001.0,연립다세대,중개거래,서울특별시 광진구 중곡동 0138-0024 대영아트빌(138-24),37.5585447339642,127.083252968923
206,2025,11215,광진구,10100,중곡동,1,대지,134,29,대웅아트빌라,2025-06-14,340000000,55.08,32.0,3.0,1996.0,연립다세대,중개거래,서울특별시 광진구 중곡동 0134-0029 대웅아트빌라,37.5568426793768,127.084494646998
207,2025,11215,광진구,10500,자양동,1,대지,599,10,대원빌15차,2025-06-11,643000000,40.39,16.0,5.0,2018.0,연립다세대,중개거래,서울특별시 광진구 자양동 0599-0010 대원빌15차,37.5313437633276,127.076024390096
208,2025,11215,광진구,10500,자양동,1,대지,227,71,대원빌19차,2025-06-20,900000000,57.9,29.0,4.0,2021.0,연립다세대,중개거래,서울특별시 광진구 자양동 0227-0071 대원빌19차,37.5376103609212,127.075104535493
209,2025,11215,광진구,10500,자양동,1,대지,603,2,대원빌9차,2025-03-31,455000000,29.81,23.0,4.0,2015.0,연립다세대,중개거래,서울특별시 광진구 자양동 0603-0002 대원빌9차,37.5320497274074,127.076952272319
210,2025,11215,광진구,10100,중곡동,1,대지,340,41,대원스마트빌(340-41),2025-05-08,480000000,46.28,27.0,5.0,2015.0,연립다세대,중개거래,서울특별시 광진구 중곡동 0340-0041 대원스마트빌(340-41),37.5604867404133,127.083638247228
211,2025,11215,광진구,10100,중곡동,1,대지,50,29,대원스마트빌(50-29),2025-03-22,443000000,55.86,31.0,5.0,2016.0,연립다세대,중개거래,서울특별시 광진구 중곡동 0050-0029 대원스마트빌(50-29),37.5599807202991,127.08353978073
212,2025,11215,광진구,10100,중곡동,1,대지,97,5,대원스마트빌(97-5),2025-03-31,455000000,48.02,26.0,2.0,2019.0,연립다세대,중개거래,서울특별시 광진구 중곡동 0097-0005 대원스마트빌(97-5),37.5551562829899,127.091622068749
213,2025,11215,광진구,10500,자양동,1,대지,624,13,대원캐슬5차A동,2025-05-13,710000000,52.94,29.0,2.0,2022.0,연립다세대,직거래,서울특별시 광진구 자양동 0624-0013 대원캐슬5차A동,37.5347047018493,127.081524804745
214,2025,11215,광진구,10500,자양동,1,대지,624,45,대원캐슬빌,2025-03-19,670000000,59.89,0.0,3.0,2012.0,아파트,중개거래,서울특별시 광진구 자양동 0624-0045 대원캐슬빌,37.5347047018493,127.081524804745
215,2025,11215,광진구,10500,자양동,1,대지,218,19,대원캐슬빌7차,2025-05-26,550000000,57.54,30.0,5.0,2015.0,연립다세대,중개거래,서울특별시 광진구 자양동 0218-0019 대원캐슬빌7차,37.5360299543392,127.082087102121
216,2025,11215,광진구,10500,자양동,1,대지,218,5,대원캐슬빌8차B동,2025-06-07,448000000,29.79,26.0,3.0,2017.0,연립다세대,중개거래,서울특별시 광진구 자양동 0218-0005 대원캐슬빌8차B동,37.5359680285364,127.081866516812
217,2025,11215,광진구,10300,구의동,1,대지,254,9,대현빌라,2025-04-03,330000000,55.08,42.0,2.0,1987.0,연립다세대,중개거래,서울특별시 광진구 구의동 0254-0009 대현빌라,37.5436538144656,127.084064592414
218,2025,11215,광진구,10500,자양동,1,대지,2,3,더 라움 펜트하우스,2025-05-07,950000000,58.82,88.97,14.0,2022.0,오피스텔,중개거래,서울특별시 광진구 자양동 0002-0003 더 라움 펜트하우스,37.5385008002809,127.069392147697
219,2025,11215,광진구,10900,군자동,1,대지,117,42,더라임,2025-02-18,690000000,47.5,30.0,6.0,2021.0,연립다세대,중개거래,서울특별시 광진구 군자동 0117-0042 더라임,37.5544414660132,127.072076082914
220,2025,11215,광진구,10100,중곡동,1,대지,93,44,더리안,2025-05-10,710000000,59.53,37.0,3.0,2025.0,연립다세대,직거래,서울특별시 광진구 중곡동 0093-0044 더리안,37.5543079515444,127.088967608838
221,2025,11215,광진구,10500,자양동,1,대지,227,7,더샵스타시티,2025-01-22,3000000000,163.53,0.0,41.0,2007.0,아파트,중개거래,서울특별시 광진구 자양동 0227-0007 더샵스타시티,37.5378031898538,127.072632021718
222,2025,11215,광진구,10100,중곡동,1,대지,210,12,더샵팰리스,2025-01-18,270000000,27.0,17.0,3.0,2017.0,연립다세대,중개거래,서울특별시 광진구 중곡동 0210-0012 더샵팰리스,37.5696153756692,127.082722067894
223,2025,11215,광진구,10500,자양동,1,대지,202,34,더스위트자양,2025-06-28,1240000000,18.95,16.0,5.0,2022.0,연립다세대,중개거래,서울특별시 광진구 자양동 0202-0034 더스위트자양,37.5354155864065,127.061264033094
224,2025,11215,광진구,10900,군자동,1,대지,130,23,더엠하우스,2025-04-14,505000000,59.18,31.0,6.0,2017.0,연립다세대,중개거래,서울특별시 광진구 군자동 0130-0023 더엠하우스,37.5538708824275,127.071750280082
225,2025,11215,광진구,10500,자양동,1,대지,771,24,더이공이공*마을과집,2025-07-01,437360000,58.94,36.0,5.0,2021.0,연립다세대,직거래,서울특별시 광진구 자양동 0771-0024 더이공이공*마을과집,37.5388323330787,127.080651720875
226,2025,11215,광진구,10100,중곡동,1,대지,52,11,더존예가,2025-05-17,520000000,46.36,30.0,6.0,2015.0,연립다세대,중개거래,서울특별시 광진구 중곡동 0052-0011 더존예가,37.5595336109558,127.084475049709
227,2025,11215,광진구,10200,능동,1,대지,284,6,더파크뷰능동,2025-02-22,420000000,29.94,25.0,4.0,2023.0,연립다세대,중개거래,서울특별시 광진구 능동 0284-0006 더파크뷰능동,37.5534717856316,127.079017923425
228,2025,11215,광진구,10500,자양동,1,대지,637,10,더팰리스,2025-05-28,795000000,43.225,25.0,2.0,2014.0,연립다세대,중개거래,서울특별시 광진구 자양동 0637-0010 더팰리스,37.5313056468454,127.079452624063
229,2025,11215,광진구,10100,중곡동,1,대지,127,15,더펠리스상우아트빌,2025-04-05,448000000,59.94,39.0,2.0,2017.0,연립다세대,중개거래,서울특별시 광진구 중곡동 0127-0015 더펠리스상우아트빌,37.5590772528764,127.085977322821
230,2025,11215,광진구,10700,화양동,1,대지,20,10,더하우스인,2025-03-24,294000000,24.15,7.0,10.0,2018.0,연립다세대,중개거래,서울특별시 광진구 화양동 0020-0010 더하우스인,37.5471747721213,127.068222975427
231,2025,11215,광진구,10500,자양동,1,대지,640,31,덕산빌리지,2025-05-17,800000000,75.24,39.0,2.0,2003.0,연립다세대,중개거래,서울특별시 광진구 자양동 0640-0031 덕산빌리지,37.5297405635131,127.07871129071
232,2025,11215,광진구,10100,중곡동,1,대지,232,58,덕유빌리지,2025-03-25,280000000,64.66,20.0,3.0,2002.0,연립다세대,직거래,서울특별시 광진구 중곡동 0232-0058 덕유빌리지,37.5643384548771,127.079128551307
233,2025,11215,광진구,10300,구의동,1,대지,235,30,도성,2025-01-09,520000000,70.0,0.0,5.0,2003.0,아파트,중개거래,서울특별시 광진구 구의동 0235-0030 도성,37.5441283961535,127.086030875048
234,2025,11215,광진구,10500,자양동,1,대지,857,0,도시엔,2025-07-15,245000000,13.38,10.0,2.0,2011.0,연립다세대,중개거래,서울특별시 광진구 자양동 0857-0000 도시엔,37.5393597617858,127.064723509979
235,2025,11215,광진구,10900,군자동,1,대지,66,7,도인빌라,2025-05-24,360000000,59.85,31.0,3.0,1997.0,연립다세대,중개거래,서울특별시 광진구 군자동 0066-0007 도인빌라,37.5541521371411,127.075564425098
236,2025,11215,광진구,10500,자양동,1,대지,770,5,동광그린빌B동,2025-04-03,650000000,76.24,36.0,4.0,2002.0,연립다세대,중개거래,서울특별시 광진구 자양동 0770-0005 동광그린빌B동,37.5389854626603,127.081105384773
237,2025,11215,광진구,10500,자양동,1,대지,595,14,동광팰리스,2025-06-18,595000000,29.36,18.0,4.0,2016.0,연립다세대,중개거래,서울특별시 광진구 자양동 0595-0014 동광팰리스,37.5304717527302,127.077855509557
238,2025,11215,광진구,10300,구의동,1,대지,79,3,동남그린빌라,2025-06-02,433000000,65.52,31.0,2.0,1997.0,연립다세대,중개거래,서울특별시 광진구 구의동 0079-0003 동남그린빌라,37.5488801193581,127.088541773596
239,2025,11215,광진구,10500,자양동,1,대지,768,2,동부아트빌라(768-2),2025-06-09,550000000,59.25,56.0,1.0,1990.0,연립다세대,중개거래,서울특별시 광진구 자양동 0768-0002 동부아트빌라(768-2),37.5397702686612,127.081316353705
240,2025,11215,광진구,10400,광장동,1,대지,107,0,동북아스위트힐아파트,2025-05-17,795000000,84.63,0.0,2.0,2006.0,아파트,중개거래,서울특별시 광진구 광장동 0107-0000 동북아스위트힐아파트,37.5516296605662,127.109821655707
241,2025,11215,광진구,10500,자양동,1,대지,686,55,동산빌라가동,2025-01-16,657630000,35.13,23.0,1.0,1986.0,연립다세대,직거래,서울특별시 광진구 자양동 0686-0055 동산빌라가동,37.5310063455932,127.08685832769
242,2025,11215,광진구,10500,자양동,1,대지,686,30,동산빌라나동,2025-03-18,732000000,36.06,24.0,-1.0,1986.0,연립다세대,직거래,서울특별시 광진구 자양동 0686-0030 동산빌라나동,37.5313493920947,127.087785316738
243,2025,11215,광진구,10500,자양동,1,대지,686,29,동산빌라다동,2025-02-10,460950000,36.81,24.0,1.0,1986.0,연립다세대,직거래,서울특별시 광진구 자양동 0686-0029 동산빌라다동,37.5312950226209,127.087716692103
244,2025,11215,광진구,10300,구의동,1,대지,239,119,동산아트빌A,2025-07-04,300000000,41.87,21.0,5.0,2002.0,연립다세대,중개거래,서울특별시 광진구 구의동 0239-0119 동산아트빌A,37.5424771639206,127.088671230076
245,2025,11215,광진구,10300,구의동,1,대지,239,120,동산아트빌B,2025-05-11,400000000,62.06,32.0,3.0,2002.0,연립다세대,중개거래,서울특별시 광진구 구의동 0239-0120 동산아트빌B,37.5424977211001,127.088531962161
246,2025,11215,광진구,10900,군자동,1,대지,349,0,동산하이츠,2025-01-13,250000000,48.75,23.0,5.0,2002.0,연립다세대,중개거래,서울특별시 광진구 군자동 0349-0000 동산하이츠,37.5514142819921,127.0696938265
247,2025,11215,광진구,10100,중곡동,1,대지,150,82,동서화운트빌(150-82),2025-03-08,300000000,53.19,29.0,3.0,2007.0,연립다세대,중개거래,서울특별시 광진구 중곡동 0150-0082 동서화운트빌(150-82),37.561698537529,127.087671964802
248,2025,11215,광진구,10100,중곡동,1,대지,24,9,동서화운트빌(24-9),2025-05-15,250000000,34.83,20.0,2.0,2014.0,연립다세대,중개거래,서울특별시 광진구 중곡동 0024-0009 동서화운트빌(24-9),37.5629916679228,127.086545141498
249,2025,11215,광진구,10100,중곡동,1,대지,96,8,동서화운트빌(96-8),2025-04-08,360000000,63.0,27.0,2.0,2002.0,연립다세대,중개거래,서울특별시 광진구 중곡동 0096-0008 동서화운트빌(96-8),37.5548795701774,127.090944166435
250,2025,11215,광진구,10900,군자동,1,대지,367,4,동아빌라,2025-05-27,245000000,38.79,24.0,1.0,1992.0,연립다세대,중개거래,서울특별시 광진구 군자동 0367-0004 동아빌라,37.5495171633593,127.072791292649
251,2025,11215,광진구,10100,중곡동,1,대지,147,79,동암COZYHOUSE,2025-05-09,320000000,76.49,36.0,3.0,2003.0,연립다세대,중개거래,서울특별시 광진구 중곡동 0147-0079 동암COZYHOUSE,37.5608897864169,127.089138189637
252,2025,11215,광진구,10100,중곡동,1,대지,58,22,동암아트빌(58-22),2025-02-08,290000000,54.43,25.0,5.0,2002.0,연립다세대,중개거래,서울특별시 광진구 중곡동 0058-0022 동암아트빌(58-22),37.5595758724939,127.088286193073
253,2025,11215,광진구,10100,중곡동,1,대지,624,27,동양하우스,2025-06-18,144000000,19.51,13.0,5.0,2008.0,연립다세대,중개거래,서울특별시 광진구 중곡동 0624-0027 동양하우스,37.5605966562599,127.077025536895
254,2025,11215,광진구,10500,자양동,1,대지,648,5,동영하이츠빌,2025-06-12,800000000,59.47,30.0,4.0,2002.0,연립다세대,중개거래,서울특별시 광진구 자양동 0648-0005 동영하이츠빌,37.5299795041539,127.080324392072
255,2025,11215,광진구,10500,자양동,1,대지,200,0,동익연립,2025-06-17,1450000000,64.43,63.0,1.0,1979.0,연립다세대,중개거래,서울특별시 광진구 자양동 0200-0000 동익연립,37.5358068215447,127.061743290237
256,2025,11215,광진구,10300,구의동,1,대지,31,24,동인글로리,2025-04-19,535000000,46.6,26.0,3.0,2018.0,연립다세대,중개거래,서울특별시 광진구 구의동 0031-0024 동인글로리,37.5529572563878,127.093299265502
257,2025,11215,광진구,10100,중곡동,1,대지,104,74,동인아트빌,2025-06-14,420000000,70.58,39.0,4.0,2002.0,연립다세대,중개거래,서울특별시 광진구 중곡동 0104-0074 동인아트빌,37.5554639003611,127.093667487722
258,2025,11215,광진구,10100,중곡동,1,대지,68,10,동인하이츠빌,2025-02-08,370000000,44.15,36.0,2.0,2016.0,연립다세대,중개거래,서울특별시 광진구 중곡동 0068-0010 동인하이츠빌,37.5593010096668,127.091441303498
259,2025,11215,광진구,10100,중곡동,1,대지,608,6,동인하이츠빌(608-6),2025-06-25,570000000,51.14,27.0,5.0,2022.0,연립다세대,직거래,서울특별시 광진구 중곡동 0608-0006 동인하이츠빌(608-6),37.5702346245119,127.085883629439
260,2025,11215,광진구,10500,자양동,1,대지,844,8,동일스타빌,2025-05-24,700000000,42.62,28.0,2.0,2017.0,연립다세대,중개거래,서울특별시 광진구 자양동 0844-0008 동일스타빌,37.5377609471602,127.065033281225
261,2025,11215,광진구,10100,중곡동,1,대지,571,1,동진빌라,2025-05-18,290000000,47.55,25.0,2.0,1992.0,연립다세대,중개거래,서울특별시 광진구 중곡동 0571-0001 동진빌라,37.5707951873667,127.082523807235
262,2025,11215,광진구,10500,자양동,1,대지,690,26,동진빌라(690-26),2024-12-19,960270000,73.11,45.0,3.0,2001.0,연립다세대,직거래,서울특별시 광진구 자양동 0690-0026 동진빌라(690-26),37.5313121547892,127.088062232096
263,2025,11215,광진구,10100,중곡동,1,대지,604,3,동진쉐르빌,2025-05-10,288000000,56.21,30.0,4.0,2002.0,연립다세대,중개거래,서울특별시 광진구 중곡동 0604-0003 동진쉐르빌,37.5704661457987,127.086670494615
264,2025,11215,광진구,10500,자양동,1,대지,646,24,동화빌라,2025-06-06,740000000,53.52,29.0,2.0,2014.0,연립다세대,중개거래,서울특별시 광진구 자양동 0646-0024 동화빌라,37.5291108640721,127.0813550121
265,2025,11215,광진구,10500,자양동,1,대지,669,6,동화엘리트,2025-07-05,480000000,46.37,25.0,2.0,2016.0,연립다세대,중개거래,서울특별시 광진구 자양동 0669-0006 동화엘리트,37.5290076162535,127.084173617871
266,2025,11215,광진구,10100,중곡동,1,대지,98,39,두리빌(98-39),2025-04-03,470000000,72.3,47.0,4.0,2003.0,연립다세대,중개거래,서울특별시 광진구 중곡동 0098-0039 두리빌(98-39),37.5557596554274,127.09130603402
267,2025,11215,광진구,10500,자양동,1,대지,775,6,드림베스트빌,2025-06-10,610000000,48.09,23.0,6.0,2015.0,연립다세대,중개거래,서울특별시 광진구 자양동 0775-0006 드림베스트빌,37.5380272252852,127.080745784064
268,2025,11215,광진구,10100,중곡동,1,대지,171,15,드림빌(171-15),2025-02-15,399000000,49.79,28.0,3.0,2018.0,연립다세대,중개거래,서울특별시 광진구 중곡동 0171-0015 드림빌(171-15),37.5672339653283,127.08296370084
269,2025,11215,광진구,10100,중곡동,1,대지,66,2,드림빌(66-2),2025-03-22,250000000,29.53,23.0,4.0,2016.0,연립다세대,중개거래,서울특별시 광진구 중곡동 0066-0002 드림빌(66-2),37.5596310012374,127.092652842194
270,2025,11215,광진구,10500,자양동,1,대지,807,0,드림빌라,2025-04-03,84400000,50.04,23.0,2.0,2003.0,연립다세대,직거래,서울특별시 광진구 자양동 0807-0000 드림빌라,37.5351972246895,127.077592952459
271,2025,11215,광진구,10500,자양동,1,대지,652,14,드림팰리스,2025-04-17,700000000,47.7,28.0,3.0,2015.0,연립다세대,중개거래,서울특별시 광진구 자양동 0652-0014 드림팰리스,37.5314120831794,127.08100282705
272,2025,11215,광진구,10100,중곡동,1,대지,33,2,드림하우스(용마),2025-04-23,477000000,56.55,37.0,3.0,2016.0,연립다세대,중개거래,서울특별시 광진구 중곡동 0033-0002 드림하우스(용마),37.5629832939573,127.084422352294
273,2025,11215,광진구,10100,중곡동,1,대지,114,5,드림하이빌,2025-03-05,505000000,81.52,46.0,5.0,2008.0,연립다세대,중개거래,서울특별시 광진구 중곡동 0114-0005 드림하이빌,37.5534192175127,127.090495708838
274,2025,11215,광진구,10500,자양동,1,대지,227,78,드림하이빌2차,2025-04-18,870000000,46.94,21.0,6.0,2019.0,연립다세대,중개거래,서울특별시 광진구 자양동 0227-0078 드림하이빌2차,37.537690907948,127.075532083725
275,2025,11215,광진구,10500,자양동,1,대지,685,32,든해빌딩,2025-06-26,1080000000,62.79,37.0,4.0,2007.0,연립다세대,중개거래,서울특별시 광진구 자양동 0685-0032 든해빌딩,37.531598219294,127.086481701227
276,2025,11215,광진구,10500,자양동,1,대지,52,150,뚝섬아트빌,2025-03-25,950000000,26.33,17.0,2.0,2017.0,연립다세대,중개거래,서울특별시 광진구 자양동 0052-0150 뚝섬아트빌,37.5359650963325,127.063835111872
277,2025,11215,광진구,10100,중곡동,1,대지,193,64,라인빌14차,2025-06-25,470000000,56.48,34.0,5.0,2022.0,연립다세대,중개거래,서울특별시 광진구 중곡동 0193-0064 라인빌14차,37.5661672283709,127.08174108939
278,2025,11215,광진구,10500,자양동,1,대지,639,15,라임하우스,2024-12-24,680000000,43.89,26.0,3.0,2015.0,연립다세대,중개거래,서울특별시 광진구 자양동 0639-0015 라임하우스,37.5302558701428,127.078945343379
279,2025,11215,광진구,10900,군자동,1,대지,2,12,라폴리움,2025-04-02,395000000,42.38,32.0,2.0,2021.0,연립다세대,중개거래,서울특별시 광진구 군자동 0002-0012 라폴리움,37.5544457360397,127.077152974841
280,2025,11215,광진구,10100,중곡동,1,대지,90,57,라헨느빌,2025-05-09,445000000,65.44,39.0,5.0,2007.0,연립다세대,중개거래,서울특별시 광진구 중곡동 0090-0057 라헨느빌,37.5553769894506,127.089913310231
281,2025,11215,광진구,10500,자양동,1,대지,634,4,래디앙(634-4),2025-04-22,395000000,27.61,19.0,5.0,2015.0,연립다세대,중개거래,서울특별시 광진구 자양동 0634-0004 래디앙(634-4),37.5332646043573,127.080910585134
282,2025,11215,광진구,10300,구의동,1,대지,668,0,래미안파크스위트,2025-03-28,1800000000,102.88,0.0,3.0,2018.0,아파트,중개거래,서울특별시 광진구 구의동 0668-0000 래미안파크스위트,37.5457933439539,127.090266282695
283,2025,11215,광진구,10500,자양동,1,대지,859,0,래미안프리미어팰리스,2025-06-19,365000000,38.84,56.7,4.0,2017.0,오피스텔,중개거래,서울특별시 광진구 자양동 0859-0000 래미안프리미어팰리스,37.537711863986,127.081548897452
284,2025,11215,광진구,10500,자양동,1,대지,52,200,랜드마크,2025-06-20,1490000000,30.01,26.0,4.0,2016.0,연립다세대,중개거래,서울특별시 광진구 자양동 0052-0200 랜드마크,37.5362164408014,127.063397684077
285,2025,11215,광진구,10500,자양동,1,대지,57,97,랜드마크Ⅱ,2025-06-28,573000000,23.01,17.0,3.0,2022.0,연립다세대,중개거래,서울특별시 광진구 자양동 0057-0097 랜드마크Ⅱ,37.5341829070369,127.064845867103
286,2025,11215,광진구,10100,중곡동,1,대지,564,7,럭스빌,2025-05-29,240000000,36.54,23.0,2.0,2012.0,연립다세대,중개거래,서울특별시 광진구 중곡동 0564-0007 럭스빌,37.5710895302282,127.081894417125
287,2025,11215,광진구,10500,자양동,1,대지,616,3,럭스빌(616-3),2025-03-08,170000000,17.28,11.0,4.0,2011.0,연립다세대,중개거래,서울특별시 광진구 자양동 0616-0003 럭스빌(616-3),37.5328420657276,127.078732199765
288,2025,11215,광진구,10300,구의동,1,대지,241,77,럭키하우스,2025-01-22,310000000,55.2,32.0,1.0,2003.0,연립다세대,중개거래,서울특별시 광진구 구의동 0241-0077 럭키하우스,37.5401133660867,127.087254053939
289,2025,11215,광진구,10900,군자동,1,대지,278,2,레이나B,2025-03-17,385000000,34.34,26.0,2.0,2016.0,연립다세대,중개거래,서울특별시 광진구 군자동 0278-0002 레이나B,37.5523835246469,127.075351240288
290,2025,11215,광진구,10200,능동,1,대지,241,19,로뎀파크,2025-02-28,395000000,53.68,40.0,1.0,2010.0,연립다세대,중개거래,서울특별시 광진구 능동 0241-0019 로뎀파크,37.5530452007085,127.082776857204
291,2025,11215,광진구,10100,중곡동,1,대지,169,56,로마네스크1,2025-04-03,200000000,31.68,19.0,3.0,2007.0,연립다세대,중개거래,서울특별시 광진구 중곡동 0169-0056 로마네스크1,37.5680137918637,127.084088792053
292,2025,11215,광진구,10500,자양동,1,대지,771,20,로빈힐즈,2025-07-07,525000000,28.68,19.0,2.0,2020.0,연립다세대,중개거래,서울특별시 광진구 자양동 0771-0020 로빈힐즈,37.5389563908118,127.080534293306
293,2025,11215,광진구,10500,자양동,1,대지,644,0,로얄동아,2025-06-06,910000000,59.91,0.0,4.0,1999.0,아파트,중개거래,서울특별시 광진구 자양동 0644-0000 로얄동아,37.5282016302996,127.081403123975
294,2025,11215,광진구,10100,중곡동,1,대지,138,17,로얄하이츠빌,2025-03-24,362000000,52.65,29.0,2.0,2003.0,연립다세대,중개거래,서울특별시 광진구 중곡동 0138-0017 로얄하이츠빌,37.55813527321,127.083192868873
295,2025,11215,광진구,10300,구의동,1,대지,56,5,롯데빌리지(가),2025-06-20,339000000,57.54,27.0,4.0,2003.0,연립다세대,중개거래,서울특별시 광진구 구의동 0056-0005 롯데빌리지(가),37.5509652493502,127.092485944084
296,2025,11215,광진구,10500,자양동,1,대지,680,64,롯데캐슬 이스트폴,2025-03-08,2082880000,101.88,0.0,6.0,0.0,아파트,중개거래,서울특별시 광진구 자양동 0680-0064 롯데캐슬 이스트폴,37.5361391062664,127.084078219237
297,2025,11215,광진구,10500,자양동,1,대지,686,45,리버하우스1차,2025-03-07,574480000,44.25,23.0,4.0,2008.0,연립다세대,직거래,서울특별시 광진구 자양동 0686-0045 리버하우스1차,37.5310063455932,127.08685832769
298,2025,11215,광진구,10400,광장동,1,대지,127,0,리버힐오피스텔,2025-05-30,650000000,86.87,118.94,11.0,1993.0,오피스텔,직거래,서울특별시 광진구 광장동 0127-0000 리버힐오피스텔,37.5501282401338,127.110205798949
299,2025,11215,광진구,10500,자양동,1,대지,595,9,리채,2025-04-12,680000000,36.57,22.0,4.0,2015.0,연립다세대,중개거래,서울특별시 광진구 자양동 0595-0009 리채,37.5304717527302,127.077855509557
300,2025,11215,광진구,10100,중곡동,1,대지,623,3,리첸하우스,2025-06-06,270000000,41.31,23.0,2.0,2008.0,연립다세대,중개거래,서울특별시 광진구 중곡동 0623-0003 리첸하우스,37.5602283140659,127.077461242417
301,2025,11215,광진구,10300,구의동,1,대지,617,24,리츠원파크빌(A),2024-12-11,218000000,41.88,29.0,2.0,2001.0,연립다세대,중개거래,서울특별시 광진구 구의동 0617-0024 리츠원파크빌(A),37.5481320485728,127.08594268316
302,2025,11215,광진구,10500,자양동,1,대지,16,6,리치빌-10,2025-01-14,320000000,12.95,11.0,4.0,2012.0,연립다세대,중개거래,서울특별시 광진구 자양동 0016-0006 리치빌-10,37.5407297491865,127.064856515221
303,2025,11215,광진구,10300,구의동,1,대지,231,5,리치빌벽담(231-5),2025-05-15,331000000,44.78,24.0,2.0,2012.0,연립다세대,중개거래,서울특별시 광진구 구의동 0231-0005 리치빌벽담(231-5),37.5437343276531,127.088190676092
304,2025,11215,광진구,10500,자양동,1,대지,846,23,리치팰리스,2025-06-12,625000000,41.7,30.0,3.0,2022.0,연립다세대,중개거래,서울특별시 광진구 자양동 0846-0023 리치팰리스,37.5382125776716,127.06591950356
305,2025,11215,광진구,10900,군자동,1,대지,143,2,리치팰리스(143-2),2025-04-05,373000000,29.48,21.0,3.0,2019.0,연립다세대,중개거래,서울특별시 광진구 군자동 0143-0002 리치팰리스(143-2),37.5556611474873,127.072954466644
306,2025,11215,광진구,10900,군자동,1,대지,39,15,리치팰리스(39-15),2025-04-23,440000000,39.12,25.0,2.0,2016.0,연립다세대,중개거래,서울특별시 광진구 군자동 0039-0015 리치팰리스(39-15),37.5559419762237,127.074274576571
307,2025,11215,광진구,10500,자양동,1,대지,803,8,린채하우스,2025-06-06,530000000,23.48,20.0,4.0,2018.0,연립다세대,중개거래,서울특별시 광진구 자양동 0803-0008 린채하우스,37.5361438079325,127.076777824445
308,2025,11215,광진구,10100,중곡동,1,대지,618,7,마드레,2025-06-07,400000000,34.66,24.0,5.0,2016.0,연립다세대,중개거래,서울특별시 광진구 중곡동 0618-0007 마드레,37.5609293121452,127.07728913981
309,2025,11215,광진구,10100,중곡동,1,대지,648,12,마인하임648,2025-06-23,235000000,29.79,38.68,3.0,2017.0,오피스텔,중개거래,서울특별시 광진구 중곡동 0648-0012 마인하임648,37.5583126206053,127.079485592169
310,2025,11215,광진구,10100,중곡동,1,대지,80,20,맨션센토레아,2025-06-18,337000000,55.94,31.0,3.0,2005.0,연립다세대,중개거래,서울특별시 광진구 중곡동 0080-0020 맨션센토레아,37.5567486696675,127.088599635094
311,2025,11215,광진구,10500,자양동,1,대지,689,5,명상빌라,2025-03-09,800000000,76.71,46.0,3.0,1991.0,연립다세대,직거래,서울특별시 광진구 자양동 0689-0005 명상빌라,37.5312742924,127.088451151861
312,2025,11215,광진구,10300,구의동,1,대지,47,24,명성아트빌라,2025-04-11,450000000,77.21,42.0,2.0,2008.0,연립다세대,중개거래,서울특별시 광진구 구의동 0047-0024 명성아트빌라,37.5511354788414,127.092676274655
313,2025,11215,광진구,10100,중곡동,1,대지,626,6,명성타운가동,2025-03-14,183000000,45.75,28.0,-1.0,1993.0,연립다세대,중개거래,서울특별시 광진구 중곡동 0626-0006 명성타운가동,37.5600593937312,127.076189599959
314,2025,11215,광진구,10100,중곡동,1,대지,626,5,명성타운나동,2025-06-21,370000000,58.45,34.0,4.0,1993.0,연립다세대,중개거래,서울특별시 광진구 중곡동 0626-0005 명성타운나동,37.5601113786009,127.076053949609
315,2025,11215,광진구,10300,구의동,1,대지,204,32,명성파크빌,2025-03-21,480000000,55.18,34.0,2.0,2019.0,연립다세대,중개거래,서울특별시 광진구 구의동 0204-0032 명성파크빌,37.543108373912,127.092354483154
316,2025,11215,광진구,10300,구의동,1,대지,25,11,명진빌리지,2025-05-19,395000000,72.42,39.0,2.0,2002.0,연립다세대,중개거래,서울특별시 광진구 구의동 0025-0011 명진빌리지,37.553293062035,127.094427876471
317,2025,11215,광진구,10100,중곡동,1,대지,134,11,모두스타빌(134-11),2025-07-09,380000000,29.0,19.0,2.0,2022.0,연립다세대,중개거래,서울특별시 광진구 중곡동 0134-0011 모두스타빌(134-11),37.5572761316043,127.084644868397
318,2025,11215,광진구,10900,군자동,1,대지,18,1,목화타운,2025-03-24,378000000,63.44,38.0,4.0,1997.0,연립다세대,중개거래,서울특별시 광진구 군자동 0018-0001 목화타운,37.5572777073146,127.07498313982
319,2025,11215,광진구,10900,군자동,1,대지,91,1,뫼비우스,2025-02-22,320000000,36.21,45.65,3.0,2019.0,오피스텔,중개거래,서울특별시 광진구 군자동 0091-0001 뫼비우스,37.5574628412221,127.073003870401
320,2025,11215,광진구,10500,자양동,1,대지,514,4,무지개A동,2025-06-04,450000000,46.27,29.0,1.0,1992.0,연립다세대,중개거래,서울특별시 광진구 자양동 0514-0004 무지개A동,37.5355778705608,127.070599280575
321,2025,11215,광진구,10900,군자동,1,대지,117,20,무지개빌라(A),2025-05-17,290000000,40.11,23.0,1.0,1993.0,연립다세대,중개거래,서울특별시 광진구 군자동 0117-0020 무지개빌라(A),37.5549437454329,127.072414273622
322,2025,11215,광진구,10300,구의동,1,대지,35,20,미광하이츠빌라,2025-06-07,280000000,53.82,29.0,2.0,1992.0,연립다세대,중개거래,서울특별시 광진구 구의동 0035-0020 미광하이츠빌라,37.5518612903122,127.09520851289
323,2025,11215,광진구,10400,광장동,1,대지,266,0,미도,2025-03-08,630000000,65.2,41.0,3.0,1986.0,연립다세대,중개거래,서울특별시 광진구 광장동 0266-0000 미도,37.5482031700896,127.103017834145
324,2025,11215,광진구,10100,중곡동,1,대지,246,45,미래하우스,2025-03-18,450000000,40.335,25.0,2.0,2016.0,연립다세대,중개거래,서울특별시 광진구 중곡동 0246-0045 미래하우스,37.5627128581577,127.078075010077
325,2025,11215,광진구,10100,중곡동,1,대지,253,28,미래하우스빌,2024-12-27,370000000,29.32,21.0,5.0,2018.0,연립다세대,중개거래,서울특별시 광진구 중곡동 0253-0028 미래하우스빌,37.5623808293378,127.076718381878
326,2025,11215,광진구,10900,군자동,1,대지,464,5,미래하이츠,2025-01-07,386000000,29.84,15.0,5.0,2024.0,연립다세대,직거래,서울특별시 광진구 군자동 0464-0005 미래하이츠,37.5579598351377,127.073288429881
327,2025,11215,광진구,10900,군자동,1,대지,16,0,미리내,2025-06-11,560000000,54.12,40.0,4.0,2015.0,연립다세대,중개거래,서울특별시 광진구 군자동 0016-0000 미리내,37.5569685203379,127.074927600296
328,2025,11215,광진구,10500,자양동,1,대지,842,8,미산빌3차,2025-06-23,320000000,14.28,10.0,6.0,2021.0,연립다세대,중개거래,서울특별시 광진구 자양동 0842-0008 미산빌3차,37.538523607612,127.065262162603
329,2025,11215,광진구,10500,자양동,1,대지,842,5,미산빌7차,2025-06-06,517000000,27.48,19.0,5.0,2021.0,연립다세대,중개거래,서울특별시 광진구 자양동 0842-0005 미산빌7차,37.538371900538,127.064896450722
330,2025,11215,광진구,10500,자양동,1,대지,52,89,미산빌8차,2025-05-06,900000000,16.44,11.0,5.0,2021.0,연립다세대,중개거래,서울특별시 광진구 자양동 0052-0089 미산빌8차,37.534763760883,127.065048441788
331,2025,11215,광진구,10500,자양동,1,대지,688,4,미성빌라,2025-04-12,900000000,60.3,33.0,2.0,1992.0,연립다세대,중개거래,서울특별시 광진구 자양동 0688-0004 미성빌라,37.531689104161,127.088222425316
332,2025,11215,광진구,10500,자양동,1,대지,623,24,미성아트빌,2025-03-15,310000000,33.66,20.0,3.0,2010.0,연립다세대,중개거래,서울특별시 광진구 자양동 0623-0024 미성아트빌,37.5345505677774,127.081354811203
333,2025,11215,광진구,10500,자양동,1,대지,224,13,미성힐하우스,2025-05-17,590000000,49.67,27.0,5.0,2010.0,연립다세대,중개거래,서울특별시 광진구 자양동 0224-0013 미성힐하우스,37.5383230748899,127.078396483245
334,2025,11215,광진구,10500,자양동,1,대지,585,16,미주맨숀,2025-06-27,1800000000,79.84,81.0,1.0,1982.0,연립다세대,중개거래,서울특별시 광진구 자양동 0585-0016 미주맨숀,37.5311618952202,127.074112422744
335,2025,11215,광진구,10100,중곡동,1,대지,599,3,미트빌,2025-02-28,320000000,76.37,36.0,2.0,2002.0,연립다세대,중개거래,서울특별시 광진구 중곡동 0599-0003 미트빌,37.5705420861516,127.088149037672
336,2025,11215,광진구,10300,구의동,1,대지,77,15,민성그린빌,2025-06-21,285000000,27.37,25.0,4.0,2015.0,연립다세대,중개거래,서울특별시 광진구 구의동 0077-0015 민성그린빌,37.5499122327147,127.088755405103
337,2025,11215,광진구,10100,중곡동,1,대지,18,135,베네시티,2025-05-27,278000000,28.18,23.0,4.0,2016.0,연립다세대,직거래,서울특별시 광진구 중곡동 0018-0135 베네시티,37.5651026557872,127.088069282123
338,2025,11215,광진구,10300,구의동,1,대지,243,2,베스트 트레드빌,2025-02-20,145000000,26.84,36.81,8.0,2004.0,오피스텔,중개거래,서울특별시 광진구 구의동 0243-0002 베스트 트레드빌,37.5385194285302,127.088796889478
339,2025,11215,광진구,10100,중곡동,1,대지,540,4,베스트빌(540-4),2025-05-12,220000000,35.38,16.0,4.0,2011.0,연립다세대,중개거래,서울특별시 광진구 중곡동 0540-0004 베스트빌(540-4),37.5702970604339,127.085266331283
340,2025,11215,광진구,10100,중곡동,1,대지,119,3,베아트리스,2025-06-14,380000000,27.7,17.0,3.0,2025.0,연립다세대,중개거래,서울특별시 광진구 중곡동 0119-0003 베아트리스,37.5551023974484,127.086493350918
341,2025,11215,광진구,10100,중곡동,1,대지,220,63,벨라,2025-03-15,315000000,29.92,22.0,3.0,2017.0,연립다세대,중개거래,서울특별시 광진구 중곡동 0220-0063 벨라,37.5657761044737,127.082777925576
342,2025,11215,광진구,10900,군자동,1,대지,60,68,벨라지움,2025-05-26,545000000,44.97,27.0,2.0,2016.0,연립다세대,중개거래,서울특별시 광진구 군자동 0060-0068 벨라지움,37.5551986042109,127.074922772511
343,2025,11215,광진구,10100,중곡동,1,대지,150,267,본클라쎄,2025-01-16,450000000,55.59,36.0,2.0,2018.0,연립다세대,중개거래,서울특별시 광진구 중곡동 0150-0267 본클라쎄,37.559274215066,127.085100863721
344,2025,11215,광진구,10100,중곡동,1,대지,89,5,부광빌,2025-05-05,300000000,42.43,28.0,3.0,2015.0,연립다세대,중개거래,서울특별시 광진구 중곡동 0089-0005 부광빌,37.5566471347751,127.090137225474
345,2025,11215,광진구,10300,구의동,1,대지,204,45,부광알펜시아,2025-06-26,320000000,29.96,18.0,3.0,2019.0,연립다세대,중개거래,서울특별시 광진구 구의동 0204-0045 부광알펜시아,37.5426790877859,127.09218795667
346,2025,11215,광진구,10200,능동,1,대지,164,0,부광주택,2025-05-14,191000000,96.78,3.0,2.0,1997.0,연립다세대,직거래,서울특별시 광진구 능동 0164-0000 부광주택,37.5532961836792,127.081270841089
347,2025,11215,광진구,10400,광장동,1,대지,246,7,부성빌라,2025-05-24,250000000,44.46,33.0,-1.0,1992.0,연립다세대,중개거래,서울특별시 광진구 광장동 0246-0007 부성빌라,37.5462494535212,127.102801161077
348,2025,11215,광진구,10700,화양동,1,대지,21,2,브라운스톤,2025-05-31,670000000,65.09,0.0,11.0,2006.0,아파트,중개거래,서울특별시 광진구 화양동 0021-0002 브라운스톤,37.5479950295146,127.068554495728
349,2025,11215,광진구,10700,화양동,1,대지,21,2,브라운스톤 화양,2025-07-01,490000000,51.7,72.31,3.0,2006.0,오피스텔,직거래,서울특별시 광진구 화양동 0021-0002 브라운스톤 화양,37.5479950295146,127.068554495728
350,2025,11215,광진구,10100,중곡동,1,대지,235,4,브라운하우스,2025-02-25,387000000,45.56,30.0,2.0,2016.0,연립다세대,중개거래,서울특별시 광진구 중곡동 0235-0004 브라운하우스,37.5654034344517,127.077632195351
351,2025,11215,광진구,10500,자양동,1,대지,599,14,블루버드자양2차,2025-06-03,700000000,29.55,19.0,2.0,2023.0,연립다세대,중개거래,서울특별시 광진구 자양동 0599-0014 블루버드자양2차,37.5313437633276,127.076024390096
352,2025,11215,광진구,10100,중곡동,1,대지,18,106,블리체,2025-03-31,350000000,29.0,16.0,4.0,2017.0,연립다세대,중개거래,서울특별시 광진구 중곡동 0018-0106 블리체,37.5646610018455,127.087686981559
353,2025,11215,광진구,10300,구의동,1,대지,23,27,비바체A,2025-05-14,450000000,77.59,30.0,4.0,2003.0,연립다세대,중개거래,서울특별시 광진구 구의동 0023-0027 비바체A,37.5532660811144,127.096924825738
354,2025,11215,광진구,10100,중곡동,1,대지,73,85,비스타하우스,2025-06-23,465000000,49.25,38.0,2.0,2022.0,연립다세대,중개거래,서울특별시 광진구 중곡동 0073-0085 비스타하우스,37.5581093975676,127.095257319191
355,2025,11215,광진구,10100,중곡동,1,대지,253,30,비젼하우스(253-30),2025-01-31,250000000,41.18,25.0,2.0,2008.0,연립다세대,중개거래,서울특별시 광진구 중곡동 0253-0030 비젼하우스(253-30),37.5616401176861,127.076444399316
356,2025,11215,광진구,10200,능동,1,대지,224,21,빌라아데나,2025-04-07,447000000,40.08,34.0,2.0,2016.0,연립다세대,중개거래,서울특별시 광진구 능동 0224-0021 빌라아데나,37.5549111513029,127.080452999486
357,2025,11215,광진구,10700,화양동,1,대지,111,12,빌리브 인테라스,2025-03-06,257500000,16.875,29.8982,18.0,2021.0,오피스텔,중개거래,서울특별시 광진구 화양동 0111-0012 빌리브 인테라스,37.5460180138476,127.074001181744
358,2025,11215,광진구,10100,중곡동,1,대지,647,2,삼보글로벌102동,2025-03-12,595000000,66.09,0.0,3.0,2003.0,아파트,중개거래,서울특별시 광진구 중곡동 0647-0002 삼보글로벌102동,37.5595237104531,127.080196400944
359,2025,11215,광진구,10300,구의동,1,대지,242,42,삼보빌라A,2025-07-12,325000000,42.13,24.0,1.0,1991.0,연립다세대,중개거래,서울특별시 광진구 구의동 0242-0042 삼보빌라A,37.5389842654085,127.087818254129
360,2025,11215,광진구,10400,광장동,1,대지,561,0,삼성광장1,2025-04-05,1770000000,79.53,0.0,9.0,1987.0,아파트,중개거래,서울특별시 광진구 광장동 0561-0000 삼성광장1,37.541501051299,127.103268296381
361,2025,11215,광진구,10400,광장동,1,대지,453,1,삼성광장2,2025-05-17,980000000,58.62,0.0,7.0,1989.0,아파트,중개거래,서울특별시 광진구 광장동 0453-0001 삼성광장2,37.5423978665881,127.102070105349
362,2025,11215,광진구,10500,자양동,1,대지,598,13,삼성그린빌,2025-03-24,900000000,56.09,33.0,3.0,2021.0,연립다세대,중개거래,서울특별시 광진구 자양동 0598-0013 삼성그린빌,37.5312324230583,127.076684882479
363,2025,11215,광진구,10300,구의동,1,대지,60,27,삼성그린빌(60-27),2025-04-16,350000000,54.46,31.0,2.0,2011.0,연립다세대,중개거래,서울특별시 광진구 구의동 0060-0027 삼성그린빌(60-27),37.5479730711342,127.091861440213
364,2025,11215,광진구,10300,구의동,1,대지,29,13,삼성그린빌라(29-13),2025-05-27,430000000,74.46,46.0,4.0,1994.0,연립다세대,중개거래,서울특별시 광진구 구의동 0029-0013 삼성그린빌라(29-13),37.5533725011763,127.091837171713
365,2025,11215,광진구,10100,중곡동,1,대지,109,2,삼성로얄3,2025-02-18,600000000,83.07,0.0,2.0,2002.0,아파트,중개거래,서울특별시 광진구 중곡동 0109-0002 삼성로얄3,37.5551557720133,127.092623421765
366,2025,11215,광진구,10300,구의동,1,대지,239,63,삼성베스트빌25차(239-63),2025-06-19,450000000,57.23,34.0,3.0,2014.0,연립다세대,중개거래,서울특별시 광진구 구의동 0239-0063 삼성베스트빌25차(239-63),37.5427730474633,127.088316729047
367,2025,11215,광진구,10300,구의동,1,대지,45,26,삼성빌,2025-07-09,315000000,54.15,30.0,4.0,2001.0,연립다세대,중개거래,서울특별시 광진구 구의동 0045-0026 삼성빌,37.5512361275862,127.094486052005
368,2025,11215,광진구,10300,구의동,1,대지,648,15,삼성빌라,2025-03-15,250000000,49.31,32.0,2.0,1992.0,연립다세대,중개거래,서울특별시 광진구 구의동 0648-0015 삼성빌라,37.5425615757593,127.082599607868
369,2025,11215,광진구,10300,구의동,1,대지,199,18,삼성쉐르빌,2025-06-07,1430000000,144.51,0.0,4.0,2001.0,아파트,중개거래,서울특별시 광진구 구의동 0199-0018 삼성쉐르빌,37.5399004843413,127.094819115944
370,2025,11215,광진구,10100,중곡동,1,대지,102,45,삼성아트빌(102-45),2025-01-26,400000000,59.04,45.0,4.0,2007.0,연립다세대,중개거래,서울특별시 광진구 중곡동 0102-0045 삼성아트빌(102-45),37.5576176505687,127.094563486517
371,2025,11215,광진구,10100,중곡동,1,대지,289,11,삼성아트빌(289-11),2025-03-18,320000000,52.19,30.0,2.0,2011.0,연립다세대,중개거래,서울특별시 광진구 중곡동 0289-0011 삼성아트빌(289-11),37.5694461754036,127.086607508527
372,2025,11215,광진구,10300,구의동,1,대지,554,6,삼성아트빌(554-6),2025-04-14,450000000,70.71,36.0,1.0,2002.0,연립다세대,중개거래,서울특별시 광진구 구의동 0554-0006 삼성아트빌(554-6),37.5553498924628,127.094498828319
373,2025,11215,광진구,10300,구의동,1,대지,35,43,삼성아트빌라,2025-05-30,190000000,43.38,20.0,4.0,1995.0,연립다세대,중개거래,서울특별시 광진구 구의동 0035-0043 삼성아트빌라,37.5509684292908,127.095953144665
374,2025,11215,광진구,10300,구의동,1,대지,242,21,삼성캐슬빌,2025-06-04,350000000,38.71,22.0,2.0,2016.0,연립다세대,중개거래,서울특별시 광진구 구의동 0242-0021 삼성캐슬빌,37.5387343567293,127.086927033216
375,2025,11215,광진구,10300,구의동,1,대지,24,12,삼성파크빌라,2025-02-27,177000000,56.19,22.0,-1.0,1996.0,연립다세대,중개거래,서울특별시 광진구 구의동 0024-0012 삼성파크빌라,37.5525888577688,127.094970199168
376,2025,11215,광진구,10500,자양동,1,대지,57,77,삼성하이츠,2025-03-12,1280000000,29.98,33.0,2.0,2018.0,연립다세대,중개거래,서울특별시 광진구 자양동 0057-0077 삼성하이츠,37.5343628464392,127.062658432554
377,2025,11215,광진구,10500,자양동,1,대지,770,2,삼성홈타운,2025-05-27,795000000,77.82,0.0,4.0,2007.0,아파트,중개거래,서울특별시 광진구 자양동 0770-0002 삼성홈타운,37.5393818274503,127.081083636882
378,2025,11215,광진구,10500,자양동,1,대지,771,22,삼성홈타운11차,2025-06-02,910000000,45.14,39.0,3.0,2016.0,연립다세대,중개거래,서울특별시 광진구 자양동 0771-0022 삼성홈타운11차,37.5387102992251,127.080046134333
379,2025,11215,광진구,10500,자양동,1,대지,769,39,삼성홈타운16차A동,2025-06-23,440000000,29.95,17.0,7.0,2019.0,연립다세대,중개거래,서울특별시 광진구 자양동 0769-0039 삼성홈타운16차A동,37.5394014276506,127.081406019815
380,2025,11215,광진구,10500,자양동,1,대지,769,2,삼성홈타운16차B동,2025-02-12,380000000,28.15,17.0,4.0,2019.0,연립다세대,중개거래,서울특별시 광진구 자양동 0769-0002 삼성홈타운16차B동,37.5394014276506,127.081406019815
381,2025,11215,광진구,10500,자양동,1,대지,796,3,삼성홈타운7차C동,2025-04-05,520000000,54.68,33.0,4.0,2015.0,연립다세대,중개거래,서울특별시 광진구 자양동 0796-0003 삼성홈타운7차C동,37.5374894865402,127.078370944682
382,2025,11215,광진구,10900,군자동,1,대지,32,0,삼성홈타운빌,2025-04-23,505000000,50.73,29.0,3.0,2012.0,연립다세대,중개거래,서울특별시 광진구 군자동 0032-0000 삼성홈타운빌,37.5566121658202,127.075368173657
383,2025,11215,광진구,10100,중곡동,1,대지,32,3,삼원아트빌라,2025-05-22,198000000,29.28,17.0,1.0,1996.0,연립다세대,직거래,서울특별시 광진구 중곡동 0032-0003 삼원아트빌라,37.5632342940362,127.084068026592
384,2025,11215,광진구,10700,화양동,1,대지,42,7,삼원제우스,2025-03-28,358000000,34.03,16.0,6.0,2016.0,연립다세대,중개거래,서울특별시 광진구 화양동 0042-0007 삼원제우스,37.5433244193914,127.065071720582
385,2025,11215,광진구,10300,구의동,1,대지,210,10,삼원펠릭스,2025-05-07,492000000,40.37,28.0,5.0,2017.0,연립다세대,중개거래,서울특별시 광진구 구의동 0210-0010 삼원펠릭스,37.539959076601,127.092167182646
386,2025,11215,광진구,10100,중곡동,1,대지,58,7,삼익빌라,2025-03-11,300000000,64.83,28.0,4.0,1996.0,연립다세대,중개거래,서울특별시 광진구 중곡동 0058-0007 삼익빌라,37.5597617856926,127.088115284504
387,2025,11215,광진구,10500,자양동,1,대지,664,25,삼익플라주,2025-03-05,710000000,54.57,37.0,4.0,2023.0,연립다세대,중개거래,서울특별시 광진구 자양동 0664-0025 삼익플라주,37.5304008023683,127.08383894483
388,2025,11215,광진구,10300,구의동,1,대지,241,8,삼정도나빌,2025-03-27,315000000,29.04,18.0,5.0,2016.0,연립다세대,중개거래,서울특별시 광진구 구의동 0241-0008 삼정도나빌,37.5401275226611,127.08820962358
389,2025,11215,광진구,10500,자양동,1,대지,623,6,삼호아트빌,2025-06-11,540000000,58.34,32.0,2.0,2002.0,연립다세대,중개거래,서울특별시 광진구 자양동 0623-0006 삼호아트빌,37.534296263721,127.081415291866
390,2025,11215,광진구,10300,구의동,1,대지,553,6,삼환그린빌,2025-06-03,320000000,37.02,23.0,3.0,2010.0,연립다세대,중개거래,서울특별시 광진구 구의동 0553-0006 삼환그린빌,37.5551875410773,127.094600931636
391,2025,11215,광진구,10100,중곡동,1,대지,18,78,삼환엘리트빌,2025-06-09,250000000,25.19,13.0,4.0,2013.0,연립다세대,중개거래,서울특별시 광진구 중곡동 0018-0078 삼환엘리트빌,37.5639498939431,127.087378847574
392,2025,11215,광진구,10400,광장동,1,대지,570,0,상록타워아파트,2025-06-19,990000000,59.4,0.0,18.0,1997.0,아파트,중개거래,서울특별시 광진구 광장동 0570-0000 상록타워아파트,37.5423571152711,127.100947566847
393,2025,11215,광진구,10100,중곡동,1,대지,150,210,상원빌라,2025-05-15,263000000,49.68,45.0,2.0,1990.0,연립다세대,중개거래,서울특별시 광진구 중곡동 0150-0210 상원빌라,37.5600073658636,127.085834199975
394,2025,11215,광진구,10500,자양동,1,대지,229,48,상진라인빌,2025-06-25,520000000,26.64,18.0,3.0,2019.0,연립다세대,중개거래,서울특별시 광진구 자양동 0229-0048 상진라인빌,37.5360848511994,127.078334626324
395,2025,11215,광진구,10300,구의동,1,대지,554,5,상평그린빌,2025-02-18,438000000,79.33,39.0,2.0,2001.0,연립다세대,중개거래,서울특별시 광진구 구의동 0554-0005 상평그린빌,37.5554480906399,127.094399359798
396,2025,11215,광진구,10300,구의동,1,대지,656,0,새한,2025-04-13,940000000,84.91,0.0,2.0,2000.0,아파트,중개거래,서울특별시 광진구 구의동 0656-0000 새한,37.5410284201236,127.088105114541
397,2025,11215,광진구,10500,자양동,1,대지,78,41,샤인빌(78-41),2025-06-30,590000000,29.63,18.0,2.0,2021.0,연립다세대,중개거래,서울특별시 광진구 자양동 0078-0041 샤인빌(78-41),37.533602603027,127.065929701503
398,2025,11215,광진구,10100,중곡동,1,대지,613,6,샤인빌15차,2025-06-30,420000000,42.59,26.0,5.0,2016.0,연립다세대,직거래,서울특별시 광진구 중곡동 0613-0006 샤인빌15차,37.5601834977651,127.074579733762
399,2025,11215,광진구,10100,중곡동,1,대지,544,6,서령하이빌(544-6),2025-03-31,200000000,37.48,19.0,3.0,2002.0,연립다세대,중개거래,서울특별시 광진구 중곡동 0544-0006 서령하이빌(544-6),37.5703924395659,127.084690838678
400,2025,11215,광진구,10500,자양동,1,대지,686,36,서원하이빌,2024-12-05,983520000,75.04,34.0,4.0,2003.0,연립다세대,직거래,서울특별시 광진구 자양동 0686-0036 서원하이빌,37.5310063455932,127.08685832769
401,2025,11215,광진구,10900,군자동,1,대지,100,109,서원힐탑,2025-02-24,700000000,84.57,0.0,6.0,1994.0,아파트,중개거래,서울특별시 광진구 군자동 0100-0109 서원힐탑,37.5521643144405,127.071878674491
402,2025,11215,광진구,10300,구의동,1,대지,31,7,선경빌라트(31-7),2025-04-23,500000000,76.66,39.0,2.0,2000.0,연립다세대,중개거래,서울특별시 광진구 구의동 0031-0007 선경빌라트(31-7),37.552626038737,127.093084736756
403,2025,11215,광진구,10300,구의동,1,대지,57,120,선경쉐르빌나동,2025-05-22,395000000,66.09,28.0,1.0,2002.0,연립다세대,중개거래,서울특별시 광진구 구의동 0057-0120 선경쉐르빌나동,37.5496295853619,127.092975880407
404,2025,11215,광진구,10300,구의동,1,대지,57,28,선경쉐리빌가동,2025-07-04,390000000,68.4,28.0,2.0,2002.0,연립다세대,중개거래,서울특별시 광진구 구의동 0057-0028 선경쉐리빌가동,37.5496677284453,127.09282213712
405,2025,11215,광진구,10300,구의동,1,대지,56,15,선경주택,2025-06-19,438000000,72.12,40.0,4.0,2001.0,연립다세대,중개거래,서울특별시 광진구 구의동 0056-0015 선경주택,37.5507247684103,127.093179355613
406,2025,11215,광진구,10100,중곡동,1,대지,127,27,선영빌라,2025-01-14,300000000,62.79,28.0,-1.0,2002.0,연립다세대,중개거래,서울특별시 광진구 중곡동 0127-0027 선영빌라,37.5583218755717,127.086322439029
407,2025,11215,광진구,10100,중곡동,1,대지,293,12,선영아트빌,2025-05-15,230000000,47.25,22.0,4.0,2002.0,연립다세대,중개거래,서울특별시 광진구 중곡동 0293-0012 선영아트빌,37.5692646763431,127.087515116081
408,2025,11215,광진구,10500,자양동,1,대지,665,7,선진빌,2025-05-19,635000000,60.97,35.0,4.0,2002.0,연립다세대,중개거래,서울특별시 광진구 자양동 0665-0007 선진빌,37.5300455314423,127.083465993835
409,2025,11215,광진구,10100,중곡동,1,대지,112,22,선화빌라2차,2025-03-03,315000000,58.14,26.0,1.0,1995.0,연립다세대,중개거래,서울특별시 광진구 중곡동 0112-0022 선화빌라2차,37.553542309229,127.090710428835
410,2025,11215,광진구,10100,중곡동,1,대지,162,22,선화빌라8차,2025-04-29,350000000,63.62,27.0,1.0,1996.0,연립다세대,중개거래,서울특별시 광진구 중곡동 0162-0022 선화빌라8차,37.5610782111596,127.080972117763
411,2025,11215,광진구,10300,구의동,1,대지,657,0,성동강변파크빌101(강변타워),2025-06-07,850000000,59.1,0.0,10.0,2001.0,아파트,중개거래,서울특별시 광진구 구의동 0657-0000 성동강변파크빌101(강변타워),37.5378385435946,127.092780543253
412,2025,11215,광진구,10200,능동,1,대지,247,10,성심하이츠,2025-05-17,245000000,34.22,23.0,3.0,2003.0,연립다세대,중개거래,서울특별시 광진구 능동 0247-0010 성심하이츠,37.5540879271096,127.085679382397
413,2025,11215,광진구,10100,중곡동,1,대지,681,0,성원,2025-04-11,677000000,84.98,0.0,14.0,1998.0,아파트,중개거래,서울특별시 광진구 중곡동 0681-0000 성원,37.5711840707054,127.07961710743
414,2025,11215,광진구,10300,구의동,1,대지,29,1,성원쌍떼빌,2025-06-17,490000000,81.45,0.0,4.0,2003.0,아파트,직거래,서울특별시 광진구 구의동 0029-0001 성원쌍떼빌,37.5538130047822,127.092291866878
415,2025,11215,광진구,10300,구의동,1,대지,252,14,성지하이츠,2025-02-28,185000000,42.07,56.21,6.0,1997.0,오피스텔,직거래,서울특별시 광진구 구의동 0252-0014 성지하이츠,37.538959252643,127.083675182932
416,2025,11215,광진구,10300,구의동,1,대지,241,74,세림에버빌,2025-03-15,310000000,62.76,24.0,4.0,2011.0,연립다세대,중개거래,서울특별시 광진구 구의동 0241-0074 세림에버빌,37.540324339014,127.088158711434
417,2025,11215,광진구,10300,구의동,1,대지,249,4,세림에버빌2차,2025-03-01,300000000,29.93,18.0,2.0,2012.0,연립다세대,중개거래,서울특별시 광진구 구의동 0249-0004 세림에버빌2차,37.5417620761955,127.086435958102
418,2025,11215,광진구,10500,자양동,1,대지,614,11,세림에버빌3차,2025-04-10,550000000,56.34,26.0,2.0,2013.0,연립다세대,중개거래,서울특별시 광진구 자양동 0614-0011 세림에버빌3차,37.5341383748431,127.077994072121
419,2025,11215,광진구,10500,자양동,1,대지,631,10,세림에버빌6차A,2025-03-03,470000000,38.05,23.0,3.0,2015.0,연립다세대,중개거래,서울특별시 광진구 자양동 0631-0010 세림에버빌6차A,37.5338015904278,127.081840954803
420,2025,11215,광진구,10100,중곡동,1,대지,150,190,세안빌라,2025-01-24,220000000,51.86,22.0,1.0,2001.0,연립다세대,중개거래,서울특별시 광진구 중곡동 0150-0190 세안빌라,37.5608366854156,127.086516956577
421,2025,11215,광진구,10300,구의동,1,대지,658,0,세양,2025-07-01,1550000000,84.32,0.0,11.0,2002.0,아파트,중개거래,서울특별시 광진구 구의동 0658-0000 세양,37.537581685889,127.093898450026
422,2025,11215,광진구,10900,군자동,1,대지,88,39,세운파크맨션,2025-06-07,330000000,46.29,23.0,4.0,1997.0,연립다세대,중개거래,서울특별시 광진구 군자동 0088-0039 세운파크맨션,37.5526028147959,127.075229917526
423,2025,11215,광진구,10300,구의동,1,대지,52,4,세원그린빌,2025-07-03,438000000,54.79,31.0,2.0,2012.0,연립다세대,중개거래,서울특별시 광진구 구의동 0052-0004 세원그린빌,37.5523855021474,127.090965580194
424,2025,11215,광진구,10300,구의동,1,대지,210,31,세종빌라,2025-04-18,340000000,45.94,29.0,3.0,2012.0,연립다세대,중개거래,서울특별시 광진구 구의동 0210-0031 세종빌라,37.5401803922254,127.091200020498
425,2025,11215,광진구,10100,중곡동,1,대지,101,49,세종스마트빌(101-49),2025-03-14,350000000,48.36,30.0,2.0,2016.0,연립다세대,중개거래,서울특별시 광진구 중곡동 0101-0049 세종스마트빌(101-49),37.5578404150935,127.093838190677
426,2025,11215,광진구,10900,군자동,1,대지,1,14,세종아트빌,2025-06-12,530000000,76.52,41.0,3.0,2002.0,연립다세대,중개거래,서울특별시 광진구 군자동 0001-0014 세종아트빌,37.554782372686,127.077529054017
427,2025,11215,광진구,10700,화양동,1,대지,17,92,세종에버그린,2025-01-02,275000000,35.49,44.65,4.0,2018.0,오피스텔,중개거래,서울특별시 광진구 화양동 0017-0092 세종에버그린,37.5465241135469,127.069233126195
428,2025,11215,광진구,10700,화양동,1,대지,17,68,세종에버그린(101동),2025-03-15,314000000,25.06,9.0,8.0,2018.0,연립다세대,중개거래,서울특별시 광진구 화양동 0017-0068 세종에버그린(101동),37.5466365212341,127.069296147123
429,2025,11215,광진구,10700,화양동,1,대지,37,94,세진빌라,2025-03-13,330000000,49.0,24.0,1.0,1994.0,연립다세대,중개거래,서울특별시 광진구 화양동 0037-0094 세진빌라,37.5442259807989,127.066328539945
430,2025,11215,광진구,10500,자양동,1,대지,678,12,센토레아빌(678-12),2025-05-19,300000000,39.87,23.0,4.0,2007.0,연립다세대,직거래,서울특별시 광진구 자양동 0678-0012 센토레아빌(678-12),37.5312956800993,127.084592306367
431,2025,11215,광진구,10500,자양동,1,대지,193,13,센트럴리버뷰,2025-06-10,1150000000,22.57,15.0,6.0,2021.0,연립다세대,중개거래,서울특별시 광진구 자양동 0193-0013 센트럴리버뷰,37.5345758582108,127.061601979555
432,2025,11215,광진구,10300,구의동,1,대지,253,19,센트럴빌,2025-04-30,254000000,41.29,53.48,5.0,2003.0,오피스텔,중개거래,서울특별시 광진구 구의동 0253-0019 센트럴빌,37.5447415604241,127.083216908942
433,2025,11215,광진구,10100,중곡동,1,대지,602,2,소망아트빌,2025-05-10,175000000,35.84,176.0,-1.0,2010.0,연립다세대,중개거래,서울특별시 광진구 중곡동 0602-0002 소망아트빌,37.5706384179094,127.08727946398
434,2025,11215,광진구,10300,구의동,1,대지,251,177,솔렌시아,2025-02-21,300000000,33.95,0.0,6.0,2015.0,아파트,중개거래,서울특별시 광진구 구의동 0251-0177 솔렌시아,37.5412695715072,127.083963812744
435,2025,11215,광진구,10300,구의동,1,대지,236,25,솔렌시아2,2025-03-08,332000000,31.13,0.0,9.0,2015.0,아파트,중개거래,서울특별시 광진구 구의동 0236-0025 솔렌시아2,37.5429466395997,127.084667929872
436,2025,11215,광진구,10300,구의동,1,대지,68,30,솔리드하우스(구의),2024-12-28,430000000,28.61,14.0,8.0,2023.0,연립다세대,중개거래,서울특별시 광진구 구의동 0068-0030 솔리드하우스(구의),37.5456911654079,127.086296330421
437,2025,11215,광진구,10500,자양동,1,대지,678,30,송림빌,2025-06-28,599000000,47.77,28.0,2.0,2010.0,연립다세대,중개거래,서울특별시 광진구 자양동 0678-0030 송림빌,37.5312956800993,127.084592306367
438,2025,11215,광진구,10900,군자동,1,대지,346,11,송정빌라,2025-02-26,410000000,84.42,74.0,1.0,1984.0,연립다세대,중개거래,서울특별시 광진구 군자동 0346-0011 송정빌라,37.5507410106814,127.070529158458
439,2025,11215,광진구,10100,중곡동,1,대지,340,10,수플러스(340-10),2025-04-22,400000000,59.82,42.0,5.0,2015.0,연립다세대,중개거래,서울특별시 광진구 중곡동 0340-0010 수플러스(340-10),37.5611193905758,127.083297824169
440,2025,11215,광진구,10500,자양동,1,대지,640,35,수호아트빌,2025-05-02,700000000,61.44,33.0,2.0,2010.0,연립다세대,중개거래,서울특별시 광진구 자양동 0640-0035 수호아트빌,37.5297405635131,127.07871129071
441,2025,11215,광진구,10100,중곡동,1,대지,290,1,스마트빌,2025-06-03,448000000,46.12,29.0,4.0,2015.0,연립다세대,중개거래,서울특별시 광진구 중곡동 0290-0001 스마트빌,37.5700181189374,127.085878739828
442,2025,11215,광진구,10500,자양동,1,대지,843,1,스위트자양3차,2025-05-29,640000000,29.12,18.0,5.0,2023.0,연립다세대,중개거래,서울특별시 광진구 자양동 0843-0001 스위트자양3차,37.5377615783372,127.06470436459
443,2025,11215,광진구,10200,능동,1,대지,254,19,스카이빌,2025-06-10,490000000,59.46,43.0,1.0,2008.0,연립다세대,중개거래,서울특별시 광진구 능동 0254-0019 스카이빌,37.5528319306567,127.08728630761
444,2025,11215,광진구,10500,자양동,1,대지,225,44,스카이빌라트,2025-04-18,510000000,73.85,41.0,5.0,2000.0,연립다세대,중개거래,서울특별시 광진구 자양동 0225-0044 스카이빌라트,37.538765497388,127.077117128116
445,2025,11215,광진구,10500,자양동,1,대지,225,14,스타빌,2025-05-24,480000000,64.16,36.0,3.0,2008.0,연립다세대,중개거래,서울특별시 광진구 자양동 0225-0014 스타빌,37.5385934313907,127.078311339663
446,2025,11215,광진구,10100,중곡동,1,대지,150,239,스타빌리지,2025-04-05,347000000,28.62,18.0,4.0,2020.0,연립다세대,중개거래,서울특별시 광진구 중곡동 0150-0239 스타빌리지,37.5597340693354,127.084619580281
447,2025,11215,광진구,10300,구의동,1,대지,59,1,스타파크,2025-02-22,795000000,53.39,0.0,10.0,2022.0,아파트,중개거래,서울특별시 광진구 구의동 0059-0001 스타파크,37.5490111663673,127.092022274837
448,2025,11215,광진구,10300,구의동,1,대지,80,37,스타파크아파트,2025-05-07,650000000,57.21,0.0,3.0,2018.0,아파트,중개거래,서울특별시 광진구 구의동 0080-0037 스타파크아파트,37.5456758574304,127.085540979439
449,2025,11215,광진구,10900,군자동,1,대지,473,21,스테이 더 디자이너스 군자,2025-03-21,210000000,16.94,26.92,17.0,2020.0,오피스텔,중개거래,서울특별시 광진구 군자동 0473-0021 스테이 더 디자이너스 군자,37.5573424357159,127.077849731446
450,2025,11215,광진구,10500,자양동,1,대지,601,10,시그니처601,2025-05-19,599000000,28.39,17.0,3.0,2020.0,연립다세대,중개거래,서울특별시 광진구 자양동 0601-0010 시그니처601,37.5324325547136,127.075710064978
451,2025,11215,광진구,10400,광장동,1,대지,413,15,시원빌라,2025-04-04,335000000,43.6,27.0,3.0,1992.0,연립다세대,중개거래,서울특별시 광진구 광장동 0413-0015 시원빌라,37.5427102805436,127.098525301478
452,2025,11215,광진구,10900,군자동,1,대지,367,8,시티빌리지가동,2025-03-14,365000000,50.4,29.0,2.0,1994.0,연립다세대,중개거래,서울특별시 광진구 군자동 0367-0008 시티빌리지가동,37.5493467367026,127.07242956758
453,2025,11215,광진구,10300,구의동,1,대지,224,7,신덕하이빌,2025-02-05,630000000,83.72,0.0,6.0,2001.0,아파트,직거래,서울특별시 광진구 구의동 0224-0007 신덕하이빌,37.54241949393,127.090343346083
454,2025,11215,광진구,10300,구의동,1,대지,224,64,신덕하이빌타워,2025-05-30,296000000,38.85,23.0,1.0,2001.0,연립다세대,중개거래,서울특별시 광진구 구의동 0224-0064 신덕하이빌타워,37.5425788519047,127.090380992304
455,2025,11215,광진구,10300,구의동,1,대지,251,34,신도브래뉴오피스텔,2025-02-15,150000000,33.15,44.78,7.0,2003.0,오피스텔,중개거래,서울특별시 광진구 구의동 0251-0034 신도브래뉴오피스텔,37.5399987781768,127.083488515628
456,2025,11215,광진구,10100,중곡동,1,대지,220,49,신동빌,2025-06-16,250000000,46.72,26.0,4.0,2002.0,연립다세대,중개거래,서울특별시 광진구 중곡동 0220-0049 신동빌,37.5657701854646,127.083251275188
457,2025,11215,광진구,10400,광장동,1,대지,250,0,신동아파밀리에,2025-06-20,1430000000,84.46,0.0,3.0,2007.0,아파트,중개거래,서울특별시 광진구 광장동 0250-0000 신동아파밀리에,37.5469362093814,127.10483401307
458,2025,11215,광진구,10500,자양동,1,대지,221,8,신세계빌라,2025-06-05,502000000,52.66,29.0,2.0,2002.0,연립다세대,중개거래,서울특별시 광진구 자양동 0221-0008 신세계빌라,37.5362911119994,127.080710647654
459,2025,11215,광진구,10100,중곡동,1,대지,193,38,신영아트빌,2025-06-02,278000000,46.02,24.0,2.0,2001.0,연립다세대,중개거래,서울특별시 광진구 중곡동 0193-0038 신영아트빌,37.5653242835392,127.081441464479
460,2025,11215,광진구,10700,화양동,1,대지,111,88,신원리브웰 화양동 주상복합,2025-07-03,180000000,15.273,23.068,11.0,2019.0,오피스텔,중개거래,서울특별시 광진구 화양동 0111-0088 신원리브웰 화양동 주상복합,37.5456665249179,127.073727895881
461,2025,11215,광진구,10100,중곡동,1,대지,239,43,신원캐스빌B동,2025-04-08,292000000,57.08,39.0,2.0,2003.0,연립다세대,중개거래,서울특별시 광진구 중곡동 0239-0043 신원캐스빌B동,37.5639279556125,127.079002140929
462,2025,11215,광진구,10300,구의동,1,대지,36,16,신일맨숀,2025-06-13,424000000,98.97,85.0,1.0,1982.0,연립다세대,중개거래,서울특별시 광진구 구의동 0036-0016 신일맨숀,37.5504630781693,127.096040992463
463,2025,11215,광진구,10100,중곡동,1,대지,114,6,신한베스트빌(114-6),2025-03-10,400000000,57.555,25.0,4.0,2012.0,연립다세대,중개거래,서울특별시 광진구 중곡동 0114-0006 신한베스트빌(114-6),37.5531009111386,127.09059219728
464,2025,11215,광진구,10100,중곡동,1,대지,114,7,신한베스트빌(114-7),2025-04-23,480000000,59.8,37.0,2.0,2012.0,연립다세대,중개거래,서울특별시 광진구 중곡동 0114-0007 신한베스트빌(114-7),37.5530260581229,127.090331024267
465,2025,11215,광진구,10100,중곡동,1,대지,18,24,신향빌라,2025-06-10,750000000,76.38,92.0,2.0,1986.0,연립다세대,중개거래,서울특별시 광진구 중곡동 0018-0024 신향빌라,37.566113658717,127.087469323138
466,2025,11215,광진구,10900,군자동,1,대지,60,5,신현빌,2025-05-22,300250000,29.76,20.0,4.0,2016.0,연립다세대,직거래,서울특별시 광진구 군자동 0060-0005 신현빌,37.555131482598,127.074348353066
467,2025,11215,광진구,10300,구의동,1,대지,50,28,신혼연립A동,2025-04-26,128000000,39.87,27.0,-1.0,1986.0,연립다세대,중개거래,서울특별시 광진구 구의동 0050-0028 신혼연립A동,37.5522741402949,127.091546565211
468,2025,11215,광진구,10300,구의동,1,대지,43,4,써미트빌,2025-06-27,317000000,35.07,26.0,3.0,2017.0,연립다세대,중개거래,서울특별시 광진구 구의동 0043-0004 써미트빌,37.5504770769605,127.094997395395
469,2025,11215,광진구,10700,화양동,1,대지,530,0,씨즈건대힐스,2025-01-20,170000000,14.23,0.0,2.0,2017.0,아파트,직거래,서울특별시 광진구 화양동 0530-0000 씨즈건대힐스,37.5461943770105,127.074657001323
470,2025,11215,광진구,10500,자양동,1,대지,624,8,씨티빌라,2025-06-27,630000000,67.22,35.0,3.0,2002.0,연립다세대,중개거래,서울특별시 광진구 자양동 0624-0008 씨티빌라,37.5347047018493,127.081524804745
471,2025,11215,광진구,10300,구의동,1,대지,231,8,아너스빌(231-8),2025-05-21,375000000,33.91,21.0,4.0,2017.0,연립다세대,중개거래,서울특별시 광진구 구의동 0231-0008 아너스빌(231-8),37.5435029602901,127.089018926407
472,2025,11215,광진구,10300,구의동,1,대지,241,47,아너스빌(241-47),2025-07-07,530000000,59.99,31.0,2.0,2015.0,연립다세대,중개거래,서울특별시 광진구 구의동 0241-0047 아너스빌(241-47),37.5404570095342,127.087494673247
473,2025,11215,광진구,10100,중곡동,1,대지,133,1,아성뜨란채,2025-02-24,345000000,27.58,16.0,3.0,2018.0,연립다세대,중개거래,서울특별시 광진구 중곡동 0133-0001 아성뜨란채,37.5567342845826,127.083869570746
474,2025,11215,광진구,10200,능동,1,대지,240,29,아성빌,2025-03-24,740000000,107.42,66.0,2.0,2001.0,연립다세대,중개거래,서울특별시 광진구 능동 0240-0029 아성빌,37.5530062835033,127.082123259506
475,2025,11215,광진구,10300,구의동,1,대지,243,56,아스하임,2024-12-26,182000000,24.16,35.64,3.0,2014.0,오피스텔,직거래,서울특별시 광진구 구의동 0243-0056 아스하임,37.5384278865119,127.088075578146
476,2025,11215,광진구,10100,중곡동,1,대지,648,14,아지(AZ)0213,2025-05-22,145000000,20.44,28.8757,8.0,2015.0,오피스텔,중개거래,서울특별시 광진구 중곡동 0648-0014 아지(AZ)0213,37.5581817341845,127.079577126883
477,2025,11215,광진구,10300,구의동,1,대지,663,0,아차산포레안,2025-04-19,920000000,59.63,0.0,6.0,2010.0,아파트,중개거래,서울특별시 광진구 구의동 0663-0000 아차산포레안,37.547855981863,127.09307529677
478,2025,11215,광진구,10300,구의동,1,대지,662,0,아차산한라아파트,2025-04-17,780000000,76.65,0.0,2.0,2009.0,아파트,중개거래,서울특별시 광진구 구의동 0662-0000 아차산한라아파트,37.5540171153721,127.09707993751
479,2025,11215,광진구,10300,구의동,1,대지,589,10,아크로리버,2025-05-03,2240000000,150.641,0.0,25.0,2004.0,아파트,중개거래,서울특별시 광진구 구의동 0589-0010 아크로리버,37.5360517267301,127.092835806633
480,2025,11215,광진구,10500,자양동,1,대지,770,30,안다미로,2025-02-22,570000000,29.94,24.0,2.0,2017.0,연립다세대,중개거래,서울특별시 광진구 자양동 0770-0030 안다미로,37.5393818274503,127.081083636882
481,2025,11215,광진구,10500,자양동,1,대지,680,2,안틸리아 자양,2025-01-20,375000000,25.46,34.47,7.0,2022.0,오피스텔,중개거래,서울특별시 광진구 자양동 0680-0002 안틸리아 자양,37.5361391062664,127.084078219237
482,2025,11215,광진구,10300,구의동,1,대지,643,2,알토하우스,2025-04-07,507500000,50.87,27.0,4.0,2024.0,연립다세대,직거래,서울특별시 광진구 구의동 0643-0002 알토하우스,37.5433874594721,127.082301789577
483,2025,11215,광진구,10300,구의동,1,대지,207,13,알펜시아5차,2025-06-16,445000000,41.0,26.0,3.0,2014.0,연립다세대,중개거래,서울특별시 광진구 구의동 0207-0013 알펜시아5차,37.5416674220574,127.093022342158
484,2025,11215,광진구,10900,군자동,1,대지,355,16,애드하우징,2025-03-25,294000000,29.89,18.0,5.0,2017.0,연립다세대,중개거래,서울특별시 광진구 군자동 0355-0016 애드하우징,37.5494431916541,127.068421156566
485,2025,11215,광진구,10300,구의동,1,대지,239,7,애플밸리,2025-07-05,480000000,42.25,27.0,3.0,2019.0,연립다세대,중개거래,서울특별시 광진구 구의동 0239-0007 애플밸리,37.5429353588104,127.088502154277
486,2025,11215,광진구,10300,구의동,1,대지,220,60,양곡빌라,2025-06-11,250000000,35.78,22.0,1.0,1993.0,연립다세대,중개거래,서울특별시 광진구 구의동 0220-0060 양곡빌라,37.5398744472286,127.089862217455
487,2025,11215,광진구,10500,자양동,1,대지,685,3,어반캐슬(685-3),2025-06-19,1030000000,57.57,37.0,1.0,2016.0,연립다세대,중개거래,서울특별시 광진구 자양동 0685-0003 어반캐슬(685-3),37.531598219294,127.086481701227
488,2025,11215,광진구,10100,중곡동,1,대지,30,69,에덴빌25차,2025-06-09,415000000,29.95,21.0,5.0,2020.0,연립다세대,중개거래,서울특별시 광진구 중곡동 0030-0069 에덴빌25차,37.5641496832158,127.085728708731
489,2025,11215,광진구,10300,구의동,1,대지,669,0,에버그린,2025-06-16,335000000,26.06,19.0,5.0,2019.0,연립다세대,중개거래,서울특별시 광진구 구의동 0669-0000 에버그린,37.5510752913744,127.092101539579
490,2025,11215,광진구,10500,자양동,1,대지,639,22,에비앙하우스,2025-05-02,695000000,42.04,27.0,2.0,2016.0,연립다세대,중개거래,서울특별시 광진구 자양동 0639-0022 에비앙하우스,37.5302558701428,127.078945343379
491,2025,11215,광진구,10100,중곡동,1,대지,292,0,에스케이,2025-05-27,840000000,84.6,0.0,7.0,1999.0,아파트,중개거래,서울특별시 광진구 중곡동 0292-0000 에스케이,37.5688661073555,127.086494548803
492,2025,11215,광진구,10500,자양동,1,대지,634,26,에코하임,2025-02-11,345000000,30.55,18.0,3.0,2014.0,연립다세대,중개거래,서울특별시 광진구 자양동 0634-0026 에코하임,37.5332646043573,127.080910585134
493,2025,11215,광진구,10900,군자동,1,대지,355,5,에피소드1,2025-03-10,240000000,17.81,0.0,2.0,2014.0,아파트,중개거래,서울특별시 광진구 군자동 0355-0005 에피소드1,37.5494431916541,127.068421156566
494,2025,11215,광진구,10100,중곡동,1,대지,190,29,엘림퍼스트중곡동,2025-04-03,550000000,55.06,0.0,4.0,2021.0,아파트,중개거래,서울특별시 광진구 중곡동 0190-0029 엘림퍼스트중곡동,37.5663848032316,127.07803594337
495,2025,11215,광진구,10500,자양동,1,대지,832,16,엘케이플레이스3차(832-16),2025-04-28,560000000,29.7,21.0,2.0,2023.0,연립다세대,중개거래,서울특별시 광진구 자양동 0832-0016 엘케이플레이스3차(832-16),37.5390050703175,127.063836685016
496,2025,11215,광진구,10100,중곡동,1,대지,166,21,연리지,2025-05-24,448000000,39.16,22.0,4.0,2015.0,연립다세대,중개거래,서울특별시 광진구 중곡동 0166-0021 연리지,37.5653039037121,127.083274525811
497,2025,11215,광진구,10100,중곡동,1,대지,117,32,연리지7,2025-05-10,327000000,29.48,18.0,4.0,2018.0,연립다세대,중개거래,서울특별시 광진구 중곡동 0117-0032 연리지7,37.5551441657454,127.087765801731
498,2025,11215,광진구,10100,중곡동,1,대지,103,1,연옥빌라,2025-05-30,290000000,75.01,42.0,3.0,1998.0,연립다세대,중개거래,서울특별시 광진구 중곡동 0103-0001 연옥빌라,37.5575341774877,127.095398170708
499,2025,11215,광진구,10100,중곡동,1,대지,147,34,영동공영빌라,2025-03-12,190000000,49.98,30.0,1.0,1991.0,연립다세대,중개거래,서울특별시 광진구 중곡동 0147-0034 영동공영빌라,37.5608897864169,127.089138189637
500,2025,11215,광진구,10500,자양동,1,대지,647,6,영풍아트빌,2025-06-17,273000000,50.55,23.0,4.0,2001.0,연립다세대,직거래,서울특별시 광진구 자양동 0647-0006 영풍아트빌,37.52918102226,127.081005165971
501,2025,11215,광진구,10100,중곡동,1,대지,247,57,영하우스,2025-01-08,295000000,20.41,16.0,2.0,2019.0,연립다세대,중개거래,서울특별시 광진구 중곡동 0247-0057 영하우스,37.5628113709102,127.077887339845
502,2025,11215,광진구,10500,자양동,1,대지,229,61,예건에버빌,2025-03-20,350000000,28.11,22.0,5.0,2023.0,연립다세대,중개거래,서울특별시 광진구 자양동 0229-0061 예건에버빌,37.5357502122973,127.078345703786
503,2025,11215,광진구,10500,자양동,1,대지,229,21,예다움,2025-05-23,567000000,40.36,25.0,3.0,2016.0,연립다세대,중개거래,서울특별시 광진구 자양동 0229-0021 예다움,37.5348780585404,127.07818752368
504,2025,11215,광진구,10500,자양동,1,대지,611,1,예닮,2025-02-20,400000000,20.73,13.0,5.0,2017.0,연립다세대,중개거래,서울특별시 광진구 자양동 0611-0001 예닮,37.5351596346249,127.076516361039
505,2025,11215,광진구,10100,중곡동,1,대지,33,37,예스홈,2025-04-28,375000000,55.35,32.0,5.0,2015.0,연립다세대,중개거래,서울특별시 광진구 중곡동 0033-0037 예스홈,37.5626120012892,127.084158893328
506,2025,11215,광진구,10300,구의동,1,대지,617,22,예인빌라,2025-05-09,270000000,46.78,56.0,2.0,2002.0,연립다세대,중개거래,서울특별시 광진구 구의동 0617-0022 예인빌라,37.5479055044997,127.086235172956
507,2025,11215,광진구,10200,능동,1,대지,239,14,오렌지하우스,2025-04-09,520000000,44.69,39.0,5.0,2016.0,연립다세대,중개거래,서울특별시 광진구 능동 0239-0014 오렌지하우스,37.5539164325977,127.082952104186
508,2025,11215,광진구,10500,자양동,1,대지,595,3,오렌지하우스(2차),2025-06-18,890000000,44.49,26.0,5.0,2015.0,연립다세대,중개거래,서울특별시 광진구 자양동 0595-0003 오렌지하우스(2차),37.5304717527302,127.077855509557
509,2025,11215,광진구,10500,자양동,1,대지,598,2,오렌지하우스(598-2),2025-03-18,785000000,42.91,26.0,2.0,2021.0,연립다세대,중개거래,서울특별시 광진구 자양동 0598-0002 오렌지하우스(598-2),37.5312324230583,127.076684882479
510,2025,11215,광진구,10500,자양동,1,대지,584,18,오렌지하우스6차,2024-12-20,625000000,45.55,26.0,4.0,2016.0,연립다세대,중개거래,서울특별시 광진구 자양동 0584-0018 오렌지하우스6차,37.5309802708975,127.07437121215
511,2025,11215,광진구,10100,중곡동,1,대지,686,0,오페라하우스(686),2025-03-22,230000000,39.9,27.0,2.0,2009.0,연립다세대,중개거래,서울특별시 광진구 중곡동 0686-0000 오페라하우스(686),37.5687976555665,127.080472347781
512,2025,11215,광진구,10300,구의동,1,대지,242,25,온세하이츠빌,2025-06-11,455000000,57.51,34.0,3.0,2016.0,연립다세대,중개거래,서울특별시 광진구 구의동 0242-0025 온세하이츠빌,37.5394936514574,127.08762853457
513,2025,11215,광진구,10100,중곡동,1,대지,75,18,올리브벨리,2025-03-11,230000000,38.94,30.0,5.0,2015.0,연립다세대,중개거래,서울특별시 광진구 중곡동 0075-0018 올리브벨리,37.5584846052457,127.092496708471
514,2025,11215,광진구,10300,구의동,1,대지,218,15,와이엔 오피스텔,2025-06-18,147000000,36.53,46.21,3.0,2003.0,오피스텔,중개거래,서울특별시 광진구 구의동 0218-0015 와이엔 오피스텔,37.538558624488,127.091972089305
515,2025,11215,광진구,10100,중곡동,1,대지,30,3,와이엔빌라비동,2025-05-30,360000000,61.44,25.0,3.0,2001.0,연립다세대,중개거래,서울특별시 광진구 중곡동 0030-0003 와이엔빌라비동,37.5637948076922,127.085815794815
516,2025,11215,광진구,10300,구의동,1,대지,241,69,와이엔썬라이즈,2025-03-28,470000000,75.14,36.0,3.0,2002.0,연립다세대,중개거래,서울특별시 광진구 구의동 0241-0069 와이엔썬라이즈,37.5399717186094,127.088117335992
517,2025,11215,광진구,10100,중곡동,1,대지,175,61,와이엔캐슬(중곡동175-61),2025-05-26,290000000,30.86,18.0,4.0,2016.0,연립다세대,중개거래,서울특별시 광진구 중곡동 0175-0061 와이엔캐슬(중곡동175-61),37.5692589889963,127.080833141325
518,2025,11215,광진구,10100,중곡동,1,대지,233,23,와이엔캐슬(중곡동233-23호),2025-07-05,448000000,51.52,31.0,4.0,2016.0,연립다세대,중개거래,서울특별시 광진구 중곡동 0233-0023 와이엔캐슬(중곡동233-23호),37.5649950184962,127.078712488389
519,2025,11215,광진구,10500,자양동,1,대지,663,21,와이엠프라젠스파,2025-06-21,780000000,56.13,0.0,2.0,2005.0,아파트,중개거래,서울특별시 광진구 자양동 0663-0021 와이엠프라젠스파,37.5306576527168,127.082724617815
520,2025,11215,광진구,10500,자양동,1,대지,231,64,와이위드미,2025-03-20,750000000,55.19,618.0,3.0,2024.0,연립다세대,중개거래,서울특별시 광진구 자양동 0231-0064 와이위드미,37.5361378974878,127.08011432604
521,2025,11215,광진구,10100,중곡동,1,대지,18,25,용마맨숀,2025-05-12,565000000,94.31,86.0,1.0,1981.0,연립다세대,중개거래,서울특별시 광진구 중곡동 0018-0025 용마맨숀,37.5663099452973,127.086791546008
522,2025,11215,광진구,10100,중곡동,1,대지,134,55,용마빌,2025-02-08,320000000,66.62,33.0,3.0,2002.0,연립다세대,중개거래,서울특별시 광진구 중곡동 0134-0055 용마빌,37.5572009471084,127.083564518629
523,2025,11215,광진구,10100,중곡동,1,대지,288,14,용마캐스빌,2025-02-15,253000000,51.66,24.0,4.0,2002.0,연립다세대,중개거래,서울특별시 광진구 중곡동 0288-0014 용마캐스빌,37.5699989034936,127.087506806334
524,2025,11215,광진구,10100,중곡동,1,대지,143,68,용마하이빌(143-68),2024-12-31,210000000,73.87,37.0,1.0,2004.0,연립다세대,중개거래,서울특별시 광진구 중곡동 0143-0068 용마하이빌(143-68),37.5615861626249,127.090798729046
525,2025,11215,광진구,10300,구의동,1,대지,661,0,용마홈타운,2025-05-26,399000000,73.14,57.0,1.0,2006.0,연립다세대,중개거래,서울특별시 광진구 구의동 0661-0000 용마홈타운,37.5505678209806,127.096536001514
526,2025,11215,광진구,10300,구의동,1,대지,61,38,용빌라,2025-03-26,300000000,61.65,32.0,3.0,1992.0,연립다세대,중개거래,서울특별시 광진구 구의동 0061-0038 용빌라,37.5466714318875,127.090886779627
527,2025,11215,광진구,10100,중곡동,1,대지,104,16,용성아트빌,2025-04-14,200000000,41.34,23.0,2.0,2002.0,연립다세대,중개거래,서울특별시 광진구 중곡동 0104-0016 용성아트빌,37.5573828304271,127.095595696661
528,2025,11215,광진구,10500,자양동,1,대지,683,20,우리랑하이빌,2025-03-08,595000000,34.0,17.0,4.0,2003.0,연립다세대,중개거래,서울특별시 광진구 자양동 0683-0020 우리랑하이빌,37.5331867554481,127.087728411352
529,2025,11215,광진구,10500,자양동,1,대지,686,8,우리랑하이빌II,2025-01-03,977990000,64.04,33.0,2.0,2003.0,연립다세대,직거래,서울특별시 광진구 자양동 0686-0008 우리랑하이빌II,37.5310551994677,127.087076398299
530,2025,11215,광진구,10100,중곡동,1,대지,122,19,우리빌(122-19),2025-03-03,255000000,44.22,22.0,4.0,2003.0,연립다세대,중개거래,서울특별시 광진구 중곡동 0122-0019 우리빌(122-19),37.5573848528874,127.08679466119
531,2025,11215,광진구,10500,자양동,1,대지,632,0,우리빌(632-0),2025-06-09,499000000,39.95,23.0,2.0,2010.0,연립다세대,중개거래,서울특별시 광진구 자양동 0632-0000 우리빌(632-0),37.5337774203479,127.082392714976
532,2025,11215,광진구,10500,자양동,1,대지,793,0,우방리버파크,2025-03-28,1845000000,84.99,0.0,11.0,2003.0,아파트,중개거래,서울특별시 광진구 자양동 0793-0000 우방리버파크,37.5312363568684,127.070517350129
533,2025,11215,광진구,10500,자양동,1,대지,231,8,우석디자인빌,2025-04-09,650000000,51.6,32.0,2.0,2015.0,연립다세대,중개거래,서울특별시 광진구 자양동 0231-0008 우석디자인빌,37.5360439966382,127.080536139564
534,2025,11215,광진구,10500,자양동,1,대지,603,23,우석메이빌,2025-03-27,750000000,42.32,29.0,6.0,2017.0,연립다세대,중개거래,서울특별시 광진구 자양동 0603-0023 우석메이빌,37.5320497274074,127.076952272319
535,2025,11215,광진구,10500,자양동,1,대지,579,0,우성1,2025-06-03,983000000,51.57,0.0,5.0,1988.0,아파트,중개거래,서울특별시 광진구 자양동 0579-0000 우성1,37.5344089874125,127.075573577702
536,2025,11215,광진구,10500,자양동,1,대지,520,2,우성2,2025-04-19,990000000,51.57,0.0,15.0,1989.0,아파트,중개거래,서울특별시 광진구 자양동 0520-0002 우성2,37.5332682453268,127.073984735652
537,2025,11215,광진구,10500,자양동,1,대지,516,0,우성3,2025-02-25,955000000,51.39,0.0,3.0,1989.0,아파트,중개거래,서울특별시 광진구 자양동 0516-0000 우성3,37.53601431485,127.071647065678
538,2025,11215,광진구,10500,자양동,1,대지,578,0,우성4,2025-06-23,850000000,84.91,0.0,5.0,1989.0,아파트,직거래,서울특별시 광진구 자양동 0578-0000 우성4,37.535229646208,127.075811892522
539,2025,11215,광진구,10500,자양동,1,대지,553,41,우성5,2025-01-06,1205000000,84.72,0.0,8.0,1990.0,아파트,중개거래,서울특별시 광진구 자양동 0553-0041 우성5,37.5347888300631,127.071256458124
540,2025,11215,광진구,10500,자양동,1,대지,515,1,우성6,2025-04-29,1355000000,84.72,0.0,10.0,1992.0,아파트,중개거래,서울특별시 광진구 자양동 0515-0001 우성6,37.5367334966311,127.070594373344
541,2025,11215,광진구,10500,자양동,1,대지,513,2,우성골든빌라,2025-05-21,397000000,46.04,20.0,2.0,1991.0,연립다세대,중개거래,서울특별시 광진구 자양동 0513-0002 우성골든빌라,37.5359217346748,127.07052843728
542,2025,11215,광진구,10300,구의동,1,대지,61,12,우성타워빌라,2025-04-29,340000000,48.21,22.0,2.0,1997.0,연립다세대,중개거래,서울특별시 광진구 구의동 0061-0012 우성타워빌라,37.5467783275644,127.090132922897
543,2025,11215,광진구,10100,중곡동,1,대지,293,10,우송빌리지,2025-03-04,200000000,52.54,21.0,4.0,1993.0,연립다세대,직거래,서울특별시 광진구 중곡동 0293-0010 우송빌리지,37.5692664968873,127.08773290391
544,2025,11215,광진구,10300,구의동,1,대지,208,52,우신,2025-02-28,485000000,76.5,0.0,1.0,2003.0,아파트,중개거래,서울특별시 광진구 구의동 0208-0052 우신,37.5415169496626,127.092109808531
545,2025,11215,광진구,10300,구의동,1,대지,235,39,우신하이츠빌라,2024-12-28,299000000,48.3,24.0,5.0,2002.0,연립다세대,중개거래,서울특별시 광진구 구의동 0235-0039 우신하이츠빌라,37.5439123658889,127.0854942679
546,2025,11215,광진구,10100,중곡동,1,대지,190,1,우암가든빌라,2025-06-27,160000000,41.9,23.0,-1.0,1993.0,연립다세대,중개거래,서울특별시 광진구 중곡동 0190-0001 우암가든빌라,37.5676962498527,127.078778491795
547,2025,11215,광진구,10500,자양동,1,대지,669,19,욱현빌라,2025-05-14,390000000,45.66,23.0,4.0,2001.0,연립다세대,중개거래,서울특별시 광진구 자양동 0669-0019 욱현빌라,37.5290076162535,127.084173617871
548,2025,11215,광진구,10300,구의동,1,대지,24,2,욱현빌라(14차),2025-06-24,350000000,72.45,41.0,1.0,1998.0,연립다세대,중개거래,서울특별시 광진구 구의동 0024-0002 욱현빌라(14차),37.5529547565164,127.095077721863
549,2025,11215,광진구,10300,구의동,1,대지,23,1,욱현빌라(23-1),2025-05-02,128000000,38.0,23.0,-1.0,1996.0,연립다세대,중개거래,서울특별시 광진구 구의동 0023-0001 욱현빌라(23-1),37.5530447888523,127.095496224564
550,2025,11215,광진구,10300,구의동,1,대지,28,41,욱현빌라(28-41),2025-02-08,283000000,53.02,26.0,1.0,1996.0,연립다세대,중개거래,서울특별시 광진구 구의동 0028-0041 욱현빌라(28-41),37.5539546699543,127.09260088541
551,2025,11215,광진구,10300,구의동,1,대지,43,18,욱현스카이빌,2025-06-04,330000000,48.16,36.0,1.0,2009.0,연립다세대,중개거래,서울특별시 광진구 구의동 0043-0018 욱현스카이빌,37.5498769097139,127.095348123846
552,2025,11215,광진구,10100,중곡동,1,대지,73,70,욱현하이브(73-70),2025-01-17,198000000,44.96,33.0,3.0,2009.0,연립다세대,중개거래,서울특별시 광진구 중곡동 0073-0070 욱현하이브(73-70),37.5587481405058,127.095447932358
553,2025,11215,광진구,10100,중곡동,1,대지,699,0,욱현하이브Ⅲ,2025-03-08,157500000,18.12,0.0,3.0,2012.0,아파트,중개거래,서울특별시 광진구 중곡동 0699-0000 욱현하이브Ⅲ,37.5545660100192,127.087867657521
554,2025,11215,광진구,10100,중곡동,1,대지,111,4,욱현하이브빌,2025-04-25,425000000,67.24,39.0,2.0,2016.0,연립다세대,중개거래,서울특별시 광진구 중곡동 0111-0004 욱현하이브빌,37.5538968558484,127.091870521566
555,2025,11215,광진구,10200,능동,1,대지,253,10,욱현하이브빌(253-10),2025-05-10,410000000,40.88,32.0,4.0,2016.0,연립다세대,중개거래,서울특별시 광진구 능동 0253-0010 욱현하이브빌(253-10),37.5525156269882,127.086501904636
556,2025,11215,광진구,10500,자양동,1,대지,593,24,욱현하이브빌(593-24),2025-03-19,504000000,57.83,34.0,2.0,2016.0,연립다세대,직거래,서울특별시 광진구 자양동 0593-0024 욱현하이브빌(593-24),37.5294212738821,127.07647870828
557,2025,11215,광진구,10400,광장동,1,대지,145,8,워커힐,2025-06-17,3650000000,226.45,0.0,11.0,1978.0,아파트,중개거래,서울특별시 광진구 광장동 0145-0008 워커힐,37.5505202819769,127.106554627171
558,2025,11215,광진구,10300,구의동,1,대지,43,2,워커힐빌,2025-04-30,155000000,42.33,20.0,-1.0,2002.0,연립다세대,중개거래,서울특별시 광진구 구의동 0043-0002 워커힐빌,37.5506324719008,127.095477982451
559,2025,11215,광진구,10400,광장동,1,대지,372,1,"워커힐파크빌(가동,나동)",2025-02-28,462000000,76.32,92.0,-1.0,1995.0,연립다세대,중개거래,"서울특별시 광진구 광장동 0372-0001 워커힐파크빌(가동,나동)",37.5508814614496,127.101684798726
560,2025,11215,광진구,10400,광장동,1,대지,148,4,워커힐푸르지오,2025-03-08,1500000000,92.4,0.0,4.0,1987.0,아파트,중개거래,서울특별시 광진구 광장동 0148-0004 워커힐푸르지오,37.5496541994049,127.108873720121
561,2025,11215,광진구,10400,광장동,1,대지,105,0,워커힐현대빌,2025-06-24,890000000,133.68,0.0,5.0,1994.0,아파트,중개거래,서울특별시 광진구 광장동 0105-0000 워커힐현대빌,37.5517561975637,127.11036187775
562,2025,11215,광진구,10500,자양동,1,대지,775,5,원빌라,2024-12-26,597000000,53.95,37.0,4.0,2002.0,연립다세대,중개거래,서울특별시 광진구 자양동 0775-0005 원빌라,37.5382039791356,127.079984267276
563,2025,11215,광진구,10500,자양동,1,대지,648,3,월드리버빌(648-3),2025-06-27,846500000,64.49,35.0,4.0,2010.0,연립다세대,중개거래,서울특별시 광진구 자양동 0648-0003 월드리버빌(648-3),37.5299795041539,127.080324392072
564,2025,11215,광진구,10100,중곡동,1,대지,53,22,월드빌,2025-01-10,270000000,49.53,29.0,3.0,2004.0,연립다세대,중개거래,서울특별시 광진구 중곡동 0053-0022 월드빌,37.5585057182982,127.084524592994
565,2025,11215,광진구,10700,화양동,1,대지,42,15,월드빌리지,2025-06-25,550000000,63.06,36.0,3.0,2002.0,연립다세대,중개거래,서울특별시 광진구 화양동 0042-0015 월드빌리지,37.5429246857161,127.065163028228
566,2025,11215,광진구,10100,중곡동,1,대지,129,33,월드하우스(129-33),2025-02-14,430000000,39.59,23.0,6.0,2015.0,연립다세대,직거래,서울특별시 광진구 중곡동 0129-0033 월드하우스(129-33),37.5569203892007,127.085435336775
567,2025,11215,광진구,10100,중곡동,1,대지,18,12,월드하우스(18-12),2025-05-12,355000000,40.17,24.0,2.0,2016.0,연립다세대,중개거래,서울특별시 광진구 중곡동 0018-0012 월드하우스(18-12),37.5675288562974,127.086485871442
568,2025,11215,광진구,10100,중곡동,1,대지,70,6,월드하우스(70-6),2025-04-03,400000000,50.04,34.0,1.0,2015.0,연립다세대,중개거래,서울특별시 광진구 중곡동 0070-0006 월드하우스(70-6),37.5591073171881,127.092913636894
569,2025,11215,광진구,10900,군자동,1,대지,299,0,위너스빌,2025-05-15,530000000,49.49,39.0,2.0,2014.0,연립다세대,중개거래,서울특별시 광진구 군자동 0299-0000 위너스빌,37.5520539088163,127.075821574992
570,2025,11215,광진구,10700,화양동,1,대지,111,89,위너스힐(111-89),2025-04-29,900000000,61.215,0.0,13.0,2021.0,아파트,직거래,서울특별시 광진구 화양동 0111-0089 위너스힐(111-89),37.5456009634695,127.073966029845
571,2025,11215,광진구,10400,광장동,1,대지,339,3,유니빌Ⅲ,2025-03-11,255000000,38.59,23.0,5.0,2016.0,연립다세대,중개거래,서울특별시 광진구 광장동 0339-0003 유니빌Ⅲ,37.5483424207937,127.107810234145
572,2025,11215,광진구,10500,자양동,1,대지,770,1,유림,2025-06-21,700000000,66.93,0.0,5.0,2004.0,아파트,중개거래,서울특별시 광진구 자양동 0770-0001 유림,37.5392069743715,127.081169666911
573,2025,11215,광진구,10500,자양동,1,대지,229,13,유안스타빌,2025-06-09,490000000,29.97,18.0,5.0,2019.0,연립다세대,중개거래,서울특별시 광진구 자양동 0229-0013 유안스타빌,37.534968911554,127.078546393012
574,2025,11215,광진구,10300,구의동,1,대지,23,15,유진아트빌라가동,2025-04-15,358000000,73.57,33.0,5.0,2002.0,연립다세대,중개거래,서울특별시 광진구 구의동 0023-0015 유진아트빌라가동,37.5529425429639,127.096472407636
575,2025,11215,광진구,10100,중곡동,1,대지,48,17,유창아트빌,2025-06-21,550000000,77.66,46.0,4.0,2002.0,연립다세대,중개거래,서울특별시 광진구 중곡동 0048-0017 유창아트빌,37.5597459843245,127.082164949618
576,2025,11215,광진구,10400,광장동,1,대지,264,1,유천빌라,2024-12-21,1324000000,143.25,121.0,3.0,1984.0,연립다세대,중개거래,서울특별시 광진구 광장동 0264-0001 유천빌라,37.5480379774461,127.10347534753
577,2025,11215,광진구,10500,자양동,1,대지,685,31,율리빌라,2025-06-15,960000000,47.34,34.0,3.0,1991.0,연립다세대,중개거래,서울특별시 광진구 자양동 0685-0031 율리빌라,37.531598219294,127.086481701227
578,2025,11215,광진구,10500,자양동,1,대지,229,1,이수섬,2025-06-21,380000000,39.39,24.0,5.0,2016.0,연립다세대,중개거래,서울특별시 광진구 자양동 0229-0001 이수섬,37.5362571947337,127.078767809928
579,2025,11215,광진구,10100,중곡동,1,대지,232,23,이수하이빌,2025-06-14,350000000,73.26,34.0,4.0,2002.0,연립다세대,중개거래,서울특별시 광진구 중곡동 0232-0023 이수하이빌,37.5641663925543,127.079355421474
580,2025,11215,광진구,10500,자양동,1,대지,870,0,이스트폴,2025-06-13,2500000000,124.58,0.0,7.0,0.0,아파트,중개거래,서울특별시 광진구 자양동 0870-0000 이스트폴,37.5362819442695,127.087753081994
581,2025,11215,광진구,10500,자양동,1,대지,510,5,이튼타워리버1차,2025-07-07,1600000000,84.26,0.0,18.0,2006.0,아파트,중개거래,서울특별시 광진구 자양동 0510-0005 이튼타워리버1차,37.5369131584956,127.069680102229
582,2025,11215,광진구,10500,자양동,1,대지,507,6,이튼타워리버2차,2025-03-23,1539000000,84.61,0.0,22.0,2006.0,아파트,중개거래,서울특별시 광진구 자양동 0507-0006 이튼타워리버2차,37.5355051981789,127.069164103799
583,2025,11215,광진구,10500,자양동,1,대지,855,0,이튼타워리버3차,2025-05-17,2065000000,137.71,0.0,13.0,2007.0,아파트,중개거래,서울특별시 광진구 자양동 0855-0000 이튼타워리버3차,37.5329892543915,127.068060255215
584,2025,11215,광진구,10500,자양동,1,대지,856,0,이튼타워리버5차,2025-06-24,2600000000,159.89,0.0,10.0,2009.0,아파트,중개거래,서울특별시 광진구 자양동 0856-0000 이튼타워리버5차,37.5321855386616,127.06903104242
585,2025,11215,광진구,10300,구의동,1,대지,29,16,이화빌리지(29-16),2025-04-16,322000000,53.37,28.0,3.0,1995.0,연립다세대,중개거래,서울특별시 광진구 구의동 0029-0016 이화빌리지(29-16),37.5536946453203,127.092596715874
586,2025,11215,광진구,10300,구의동,1,대지,553,1,이화아트빌리지,2025-02-26,255000000,51.5,25.0,2.0,1997.0,연립다세대,중개거래,서울특별시 광진구 구의동 0553-0001 이화아트빌리지,37.5554137446596,127.094983516882
587,2025,11215,광진구,10900,군자동,1,대지,99,0,일성파크,2025-03-17,925000000,84.96,0.0,14.0,1996.0,아파트,중개거래,서울특별시 광진구 군자동 0099-0000 일성파크,37.5512697055385,127.072627886348
588,2025,11215,광진구,10300,구의동,1,대지,233,4,일주빌라,2025-01-14,400000000,66.46,28.0,4.0,1992.0,연립다세대,중개거래,서울특별시 광진구 구의동 0233-0004 일주빌라,37.5443312928842,127.087756292492
589,2025,11215,광진구,10500,자양동,1,대지,861,0,자양 호반써밋,2025-04-07,475000000,29.937,45.8881,14.0,2021.0,오피스텔,중개거래,서울특별시 광진구 자양동 0861-0000 자양 호반써밋,37.5374300374627,127.068800532801
590,2025,11215,광진구,10500,자양동,1,대지,792,0,자양10차현대홈타운,2025-06-14,1548000000,84.46,0.0,4.0,2002.0,아파트,중개거래,서울특별시 광진구 자양동 0792-0000 자양10차현대홈타운,37.5334495863743,127.070499521282
591,2025,11215,광진구,10500,자양동,1,대지,788,0,자양7차현대홈타운,2025-06-19,1660000000,109.91,0.0,15.0,2001.0,아파트,중개거래,서울특별시 광진구 자양동 0788-0000 자양7차현대홈타운,37.5329778962287,127.069768196916
592,2025,11215,광진구,10500,자양동,1,대지,789,0,자양8차현대홈타운,2025-05-23,1787000000,108.43,0.0,12.0,2002.0,아파트,중개거래,서울특별시 광진구 자양동 0789-0000 자양8차현대홈타운,37.5334859623824,127.07203305701
593,2025,11215,광진구,10500,자양동,1,대지,790,0,자양9차현대홈타운,2025-06-12,1510000000,82.56,0.0,10.0,2002.0,아파트,중개거래,서울특별시 광진구 자양동 0790-0000 자양9차현대홈타운,37.5337410199579,127.069196416727
594,2025,11215,광진구,10500,자양동,1,대지,809,0,자양강변I-Park,2025-05-19,1795000000,84.95,0.0,7.0,2006.0,아파트,중개거래,서울특별시 광진구 자양동 0809-0000 자양강변I-Park,37.5313074199095,127.069650109926
595,2025,11215,광진구,10500,자양동,1,대지,649,7,자양넥스빌,2025-05-02,320000000,60.42,25.0,2.0,2002.0,연립다세대,직거래,서울특별시 광진구 자양동 0649-0007 자양넥스빌,37.530484044806,127.08061829374
596,2025,11215,광진구,10500,자양동,1,대지,598,4,자양동598-4,2025-05-16,645000000,29.16,20.0,2.0,2025.0,연립다세대,직거래,서울특별시 광진구 자양동 0598-0004 자양동598-4,37.5312324230583,127.076684882479
597,2025,11215,광진구,10500,자양동,1,대지,219,11,자양동명진센트라임,2025-06-16,405000000,34.25,0.0,11.0,2017.0,아파트,중개거래,서울특별시 광진구 자양동 0219-0011 자양동명진센트라임,37.5364189766742,127.081870177833
598,2025,11215,광진구,10500,자양동,1,대지,645,5,자양동현대,2025-06-27,1400000000,83.11,0.0,10.0,1993.0,아파트,중개거래,서울특별시 광진구 자양동 0645-0005 자양동현대,37.5281164204926,127.082406512435
599,2025,11215,광진구,10500,자양동,1,대지,614,8,자양드림빌,2025-06-15,575000000,59.85,36.0,3.0,2010.0,연립다세대,중개거래,서울특별시 광진구 자양동 0614-0008 자양드림빌,37.5341383748431,127.077994072121
600,2025,11215,광진구,10500,자양동,1,대지,639,27,자양리버사이드,2025-06-02,645000000,28.65,19.0,4.0,2023.0,연립다세대,중개거래,서울특별시 광진구 자양동 0639-0027 자양리버사이드,37.5302558701428,127.078945343379
601,2025,11215,광진구,10500,자양동,1,대지,46,33,자양리치빌V,2025-05-02,599000000,23.08,16.0,4.0,2022.0,연립다세대,직거래,서울특별시 광진구 자양동 0046-0033 자양리치빌V,37.5352864357348,127.065529413524
602,2025,11215,광진구,10500,자양동,1,대지,54,7,자양리치빌Ⅲ,2025-04-05,690000000,22.3,14.0,4.0,2021.0,연립다세대,중개거래,서울특별시 광진구 자양동 0054-0007 자양리치빌Ⅲ,37.5355682917335,127.063675581025
603,2025,11215,광진구,10500,자양동,1,대지,787,0,자양삼성,2025-02-26,980000000,59.76,0.0,1.0,1999.0,아파트,중개거래,서울특별시 광진구 자양동 0787-0000 자양삼성,37.5322139950177,127.071628722208
604,2025,11215,광진구,10500,자양동,1,대지,783,1,자양우성7,2025-06-03,820000000,59.94,0.0,16.0,1998.0,아파트,중개거래,서울특별시 광진구 자양동 0783-0001 자양우성7,37.5363526161092,127.074596726286
605,2025,11215,광진구,10500,자양동,1,대지,862,0,자양하늘채베르,2025-04-10,923000000,46.973,0.0,12.0,2023.0,아파트,중개거래,서울특별시 광진구 자양동 0862-0000 자양하늘채베르,37.5326514628925,127.084527198828
606,2025,11215,광진구,10500,자양동,1,대지,642,0,자양현대5,2025-06-16,945000000,59.88,0.0,3.0,1998.0,아파트,중개거래,서울특별시 광진구 자양동 0642-0000 자양현대5,37.5286009922175,127.078281546378
607,2025,11215,광진구,10500,자양동,1,대지,786,0,자양현대6,2025-05-28,1645000000,114.98,0.0,7.0,1999.0,아파트,중개거래,서울특별시 광진구 자양동 0786-0000 자양현대6,37.5328457586157,127.071658855725
608,2025,11215,광진구,10500,자양동,1,대지,861,0,자양호반써밋,2025-05-27,975000000,40.183,0.0,16.0,2021.0,아파트,중개거래,서울특별시 광진구 자양동 0861-0000 자양호반써밋,37.5374300374627,127.068800532801
609,2025,11215,광진구,10500,자양동,1,대지,810,0,자양힐101동,2025-03-22,895000000,82.75,0.0,5.0,2005.0,아파트,중개거래,서울특별시 광진구 자양동 0810-0000 자양힐101동,37.5401127232157,127.081730289398
610,2025,11215,광진구,10500,자양동,1,대지,660,18,장안빌라,2025-06-05,470000000,50.14,37.0,1.0,1990.0,연립다세대,중개거래,서울특별시 광진구 자양동 0660-0018 장안빌라,37.5322867158221,127.082519826493
611,2025,11215,광진구,10300,구의동,1,대지,248,7,장원캐슬,2025-07-05,380000000,29.88,21.0,3.0,2018.0,연립다세대,중개거래,서울특별시 광진구 구의동 0248-0007 장원캐슬,37.5400213236368,127.086218624132
612,2025,11215,광진구,10500,자양동,1,대지,649,5,정든타운,2025-02-18,450000000,60.56,25.0,4.0,2002.0,연립다세대,직거래,서울특별시 광진구 자양동 0649-0005 정든타운,37.530484044806,127.08061829374
613,2025,11215,광진구,10100,중곡동,1,대지,126,42,정수아트빌(126-42),2024-12-19,349000000,49.49,33.0,1.0,2014.0,연립다세대,중개거래,서울특별시 광진구 중곡동 0126-0042 정수아트빌(126-42),37.5583188458847,127.086645444599
614,2025,11215,광진구,10100,중곡동,1,대지,96,27,정수아트빌B동,2025-07-15,170000000,20.95,13.0,5.0,2003.0,연립다세대,직거래,서울특별시 광진구 중곡동 0096-0027 정수아트빌B동,37.5548704323653,127.090524285542
615,2025,11215,광진구,10300,구의동,1,대지,210,62,정운빌라,2025-06-24,310000000,35.23,20.0,2.0,2013.0,연립다세대,중개거래,서울특별시 광진구 구의동 0210-0062 정운빌라,37.539967573202,127.091669220306
616,2025,11215,광진구,10700,화양동,1,대지,111,22,정익제이타워,2025-06-17,170000000,17.1,25.48,4.0,,오피스텔,중개거래,서울특별시 광진구 화양동 0111-0022 정익제이타워,37.546588932672,127.073059236964
617,2025,11215,광진구,10100,중곡동,1,대지,639,4,정익제이타워1차,2025-02-26,187000000,15.73,25.93,8.0,2018.0,오피스텔,중개거래,서울특별시 광진구 중곡동 0639-0004 정익제이타워1차,37.5583245106357,127.077731011184
618,2025,11215,광진구,10100,중곡동,1,대지,639,6,정익제이타워2차,2025-05-17,198000000,15.93,27.042,11.0,2020.0,오피스텔,중개거래,서울특별시 광진구 중곡동 0639-0006 정익제이타워2차,37.5581131300193,127.078014414076
619,2025,11215,광진구,10700,화양동,1,대지,111,37,정익제이타워2차102동,2025-04-25,224000000,15.667,22.9,6.0,2022.0,오피스텔,직거래,서울특별시 광진구 화양동 0111-0037 정익제이타워2차102동,37.5468628715603,127.072269871354
620,2025,11215,광진구,10100,중곡동,1,대지,257,8,정인빌B,2025-05-28,492000000,49.43,28.0,6.0,2017.0,연립다세대,중개거래,서울특별시 광진구 중곡동 0257-0008 정인빌B,37.561711160965,127.079111851095
621,2025,11215,광진구,10500,자양동,1,대지,654,21,정현빌라,2025-04-11,403000000,52.56,20.0,4.0,1993.0,연립다세대,중개거래,서울특별시 광진구 자양동 0654-0021 정현빌라,37.5325700791411,127.081874682118
622,2025,11215,광진구,10300,구의동,1,대지,60,15,정화그린빌,2025-04-22,400000000,59.93,34.0,3.0,2011.0,연립다세대,중개거래,서울특별시 광진구 구의동 0060-0015 정화그린빌,37.5483244237524,127.091211526207
623,2025,11215,광진구,10500,자양동,1,대지,227,98,제이와이빌라,2025-06-25,430000000,13.54,9.0,4.0,2017.0,연립다세대,중개거래,서울특별시 광진구 자양동 0227-0098 제이와이빌라,37.53758864738,127.075948924833
624,2025,11215,광진구,10500,자양동,1,대지,608,21,제이원하이텔,2025-03-11,165000000,23.94,29.49,4.0,2004.0,오피스텔,중개거래,서울특별시 광진구 자양동 0608-0021 제이원하이텔,37.5329822584672,127.076125729028
625,2025,11215,광진구,10500,자양동,1,대지,55,4,제이파크,2025-06-02,1350000000,27.01,16.0,3.0,2017.0,연립다세대,중개거래,서울특별시 광진구 자양동 0055-0004 제이파크,37.5350286132454,127.063636880006
626,2025,11215,광진구,10300,구의동,1,대지,204,4,조일리더스빌,2025-06-13,470000000,54.02,32.0,3.0,2017.0,연립다세대,중개거래,서울특별시 광진구 구의동 0204-0004 조일리더스빌,37.5433727604284,127.092196505353
627,2025,11215,광진구,10100,중곡동,1,대지,130,5,주성AURA,2025-06-20,515000000,67.8,0.0,1.0,2009.0,아파트,중개거래,서울특별시 광진구 중곡동 0130-0005 주성AURA,37.5556350613344,127.086007885908
628,2025,11215,광진구,10400,광장동,1,대지,120,0,주성아우라 오피스텔,2025-02-25,140000000,29.83,43.91,6.0,2011.0,오피스텔,직거래,서울특별시 광진구 광장동 0120-0000 주성아우라 오피스텔,37.5507588208397,127.109266202988
629,2025,11215,광진구,10300,구의동,1,대지,664,0,주성힐스톤,2025-03-19,715000000,70.96,0.0,3.0,2014.0,아파트,중개거래,서울특별시 광진구 구의동 0664-0000 주성힐스톤,37.5433817680657,127.091155037089
630,2025,11215,광진구,10100,중곡동,1,대지,73,23,주영빌라,2025-05-01,285000000,62.77,26.0,1.0,2002.0,연립다세대,중개거래,서울특별시 광진구 중곡동 0073-0023 주영빌라,37.5599646742063,127.095771934451
631,2025,11215,광진구,10100,중곡동,1,대지,169,110,주원그린빌(169-110),2025-04-19,310000000,28.97,18.0,3.0,2016.0,연립다세대,중개거래,서울특별시 광진구 중곡동 0169-0110 주원그린빌(169-110),37.5684563590705,127.084217650445
632,2025,11215,광진구,10300,구의동,1,대지,60,68,준하우스,2025-07-18,484000000,56.28,33.0,2.0,2012.0,연립다세대,중개거래,서울특별시 광진구 구의동 0060-0068 준하우스,37.5486159925561,127.091553407401
633,2025,11215,광진구,10100,중곡동,1,대지,548,5,준하우스빌(548-5),2025-01-09,320000000,48.805,28.0,2.0,2012.0,연립다세대,중개거래,서울특별시 광진구 중곡동 0548-0005 준하우스빌(548-5),37.5711014753028,127.084127014853
634,2025,11215,광진구,10100,중곡동,1,대지,191,77,중곡1단지,2025-07-02,450000000,58.08,0.0,1.0,1976.0,아파트,중개거래,서울특별시 광진구 중곡동 0191-0077 중곡1단지,37.5663930801518,127.078867897689
635,2025,11215,광진구,10100,중곡동,1,대지,190,26,중곡2단지,2024-12-09,483000000,55.87,0.0,2.0,1976.0,아파트,중개거래,서울특별시 광진구 중곡동 0190-0026 중곡2단지,37.5667790987175,127.078414071305
636,2025,11215,광진구,10100,중곡동,1,대지,683,0,중곡동광덕,2025-04-08,580000000,84.79,0.0,10.0,2002.0,아파트,중개거래,서울특별시 광진구 중곡동 0683-0000 중곡동광덕,37.568459982887,127.079377521232
637,2025,11215,광진구,10100,중곡동,1,대지,258,1,중곡메르디앙,2025-03-14,488000000,70.615,32.0,2.0,2002.0,연립다세대,중개거래,서울특별시 광진구 중곡동 0258-0001 중곡메르디앙,37.5614034503408,127.080077536995
638,2025,11215,광진구,10100,중곡동,1,대지,193,28,중곡아트빌,2025-01-20,190000000,41.89,23.0,4.0,2005.0,연립다세대,중개거래,서울특별시 광진구 중곡동 0193-0028 중곡아트빌,37.5660245581403,127.081672453951
639,2025,11215,광진구,10100,중곡동,1,대지,119,9,중곡에스하임3,2025-01-14,406640000,29.97,40.16,6.0,2024.0,오피스텔,직거래,서울특별시 광진구 중곡동 0119-0009 중곡에스하임3,37.5547176476225,127.086771536252
640,2025,11215,광진구,10100,중곡동,1,대지,253,8,중곡트라움,2025-01-24,350000000,29.8,17.0,2.0,2017.0,연립다세대,중개거래,서울특별시 광진구 중곡동 0253-0008 중곡트라움,37.5619849926536,127.07620661419
641,2025,11215,광진구,10100,중곡동,1,대지,97,28,중앙하이츠빌라,2025-05-27,295000000,51.12,25.0,4.0,2001.0,연립다세대,중개거래,서울특별시 광진구 중곡동 0097-0028 중앙하이츠빌라,37.5549537965262,127.091198329069
642,2025,11215,광진구,10100,중곡동,1,대지,106,31,중원아트빌102,2025-04-16,200000000,41.62,22.0,2.0,2002.0,연립다세대,직거래,서울특별시 광진구 중곡동 0106-0031 중원아트빌102,37.5560820907778,127.09387401233
643,2025,11215,광진구,10300,구의동,1,대지,638,10,지우빌1차,2025-06-25,336000000,35.11,24.0,2.0,2016.0,연립다세대,중개거래,서울특별시 광진구 구의동 0638-0010 지우빌1차,37.5439019203918,127.08257370291
644,2025,11215,광진구,10300,구의동,1,대지,617,3,지은아트빌(617-3),2025-07-01,475000000,44.53,33.0,4.0,2015.0,연립다세대,중개거래,서울특별시 광진구 구의동 0617-0003 지은아트빌(617-3),37.5483795262322,127.086472794771
645,2025,11215,광진구,10500,자양동,1,대지,193,2,진성리버뷰,2025-06-27,1400000000,27.03,19.0,2.0,2021.0,연립다세대,중개거래,서울특별시 광진구 자양동 0193-0002 진성리버뷰,37.5350572586674,127.061954475059
646,2025,11215,광진구,10500,자양동,1,대지,684,5,진성빌,2025-02-08,595000000,29.7,24.0,4.0,2017.0,연립다세대,중개거래,서울특별시 광진구 자양동 0684-0005 진성빌,37.5326927895616,127.088020636314
647,2025,11215,광진구,10100,중곡동,1,대지,239,49,진양아트빌,2025-04-21,250000000,42.35,20.0,3.0,2001.0,연립다세대,중개거래,서울특별시 광진구 중곡동 0239-0049 진양아트빌,37.5642573106801,127.078399996154
648,2025,11215,광진구,10500,자양동,1,대지,643,9,진양아트빌라,2025-05-17,480000000,69.7,40.0,4.0,1997.0,연립다세대,중개거래,서울특별시 광진구 자양동 0643-0009 진양아트빌라,37.5289587058647,127.079872348115
649,2025,11215,광진구,10500,자양동,1,대지,610,3,진연빌(610-3),2025-05-19,772000000,49.72,29.0,6.0,2021.0,연립다세대,중개거래,서울특별시 광진구 자양동 0610-0003 진연빌(610-3),37.5342900647094,127.076259773151
650,2025,11215,광진구,10500,자양동,1,대지,803,4,"진연빌(A,B동)",2025-04-11,800000000,58.36,32.0,2.0,2020.0,연립다세대,중개거래,"서울특별시 광진구 자양동 0803-0004 진연빌(A,B동)",37.5361438079325,127.076777824445
651,2025,11215,광진구,10500,자양동,1,대지,622,7,진연빌10차,2025-06-04,599900000,51.65,28.0,4.0,2015.0,연립다세대,중개거래,서울특별시 광진구 자양동 0622-0007 진연빌10차,37.5341111911409,127.080108084918
652,2025,11215,광진구,10500,자양동,1,대지,652,37,진연빌2차,2025-05-11,755000000,51.78,27.0,4.0,2019.0,연립다세대,중개거래,서울특별시 광진구 자양동 0652-0037 진연빌2차,37.5314120831794,127.08100282705
653,2025,11215,광진구,10300,구의동,1,대지,45,24,진영베스트빌(45-24),2025-07-12,435000000,54.74,36.0,1.0,2010.0,연립다세대,중개거래,서울특별시 광진구 구의동 0045-0024 진영베스트빌(45-24),37.5508107320457,127.094753832311
654,2025,11215,광진구,10500,자양동,1,대지,10,7,진주빌라(10-7),2025-04-05,695000000,44.28,43.0,1.0,1987.0,연립다세대,중개거래,서울특별시 광진구 자양동 0010-0007 진주빌라(10-7),37.5397900060845,127.065833993292
655,2025,11215,광진구,10400,광장동,1,대지,566,0,청구,2025-06-28,1670000000,84.86,0.0,13.0,1996.0,아파트,중개거래,서울특별시 광진구 광장동 0566-0000 청구,37.542465879397,127.096292344384
656,2025,11215,광진구,10500,자양동,1,대지,603,27,청구빌라(603-27),2025-05-08,445000000,22.68,16.0,4.0,2007.0,연립다세대,중개거래,서울특별시 광진구 자양동 0603-0027 청구빌라(603-27),37.5320497274074,127.076952272319
657,2025,11215,광진구,10300,구의동,1,대지,208,35,청라빌라(208-35),2025-06-27,280000000,48.24,33.0,2.0,2012.0,연립다세대,직거래,서울특별시 광진구 구의동 0208-0035 청라빌라(208-35),37.5420553682686,127.091786626807
658,2025,11215,광진구,10500,자양동,1,대지,614,50,청록빌라,2025-03-14,379000000,37.26,18.0,3.0,2002.0,연립다세대,중개거래,서울특별시 광진구 자양동 0614-0050 청록빌라,37.5341383748431,127.077994072121
659,2025,11215,광진구,10300,구의동,1,대지,43,5,청솔빌라,2025-06-29,350000000,68.16,41.0,2.0,1996.0,연립다세대,중개거래,서울특별시 광진구 구의동 0043-0005 청솔빌라,37.5504987335561,127.095403914563
660,2025,11215,광진구,10300,구의동,1,대지,52,13,청수그린빌,2025-03-11,310000000,69.39,27.0,5.0,2012.0,연립다세대,중개거래,서울특별시 광진구 구의동 0052-0013 청수그린빌,37.5523540113767,127.090791149039
661,2025,11215,광진구,10100,중곡동,1,대지,235,28,청운명가(235-28),2025-04-01,420000000,41.47,25.0,6.0,2015.0,연립다세대,중개거래,서울특별시 광진구 중곡동 0235-0028 청운명가(235-28),37.5652930134952,127.077569600862
662,2025,11215,광진구,10300,구의동,1,대지,208,46,청운빌라(208-46),2025-03-21,350000000,61.77,41.0,1.0,1994.0,연립다세대,중개거래,서울특별시 광진구 구의동 0208-0046 청운빌라(208-46),37.5418280342497,127.091917718437
663,2025,11215,광진구,10500,자양동,1,대지,548,0,청정팰리스,2025-06-15,700000000,57.02,35.0,5.0,2016.0,연립다세대,중개거래,서울특별시 광진구 자양동 0548-0000 청정팰리스,37.5374625048564,127.067968372685
664,2025,11215,광진구,10700,화양동,1,대지,68,1,청호빌라,2025-03-31,310000000,67.61,49.0,-1.0,1995.0,연립다세대,중개거래,서울특별시 광진구 화양동 0068-0001 청호빌라,37.5456286086276,127.071206347902
665,2025,11215,광진구,10300,구의동,1,대지,644,6,청호아트빌,2025-04-28,345000000,61.95,36.0,1.0,2002.0,연립다세대,중개거래,서울특별시 광진구 구의동 0644-0006 청호아트빌,37.5431421084744,127.082701408665
666,2025,11215,광진구,10500,자양동,1,대지,677,12,첼시하우스,2025-02-07,435000000,27.25,15.0,3.0,2018.0,연립다세대,중개거래,서울특별시 광진구 자양동 0677-0012 첼시하우스,37.5315419526742,127.085178748319
667,2025,11215,광진구,10700,화양동,1,대지,21,23,케이타워 오피스텔 A,2025-02-15,143000000,19.78,27.39,12.0,2013.0,오피스텔,중개거래,서울특별시 광진구 화양동 0021-0023 케이타워 오피스텔 A,37.5478131170568,127.068710945053
668,2025,11215,광진구,10700,화양동,1,대지,21,22,케이타워 오피스텔 B,2025-02-04,145000000,18.85,27.07,6.0,2013.0,오피스텔,중개거래,서울특별시 광진구 화양동 0021-0022 케이타워 오피스텔 B,37.5476898348204,127.068600046677
669,2025,11215,광진구,10400,광장동,1,대지,248,19,코지하우스,2025-03-16,400000000,44.4,23.0,3.0,2003.0,연립다세대,중개거래,서울특별시 광진구 광장동 0248-0019 코지하우스,37.546456041674,127.103638147719
670,2025,11215,광진구,10300,구의동,1,대지,246,14,크레신타워3차,2025-04-09,170000000,26.91,37.46,10.0,2006.0,오피스텔,중개거래,서울특별시 광진구 구의동 0246-0014 크레신타워3차,37.5370438536158,127.084382917583
671,2025,11215,광진구,10500,자양동,1,대지,227,166,크로마하우스5차,2025-06-16,675000000,29.93,21.0,2.0,2019.0,연립다세대,중개거래,서울특별시 광진구 자양동 0227-0166 크로마하우스5차,37.537042503004,127.075602711389
672,2025,11215,광진구,10500,자양동,1,대지,227,279,키스톤하우스-7,2025-06-03,680000000,26.76,18.0,6.0,2017.0,연립다세대,중개거래,서울특별시 광진구 자양동 0227-0279 키스톤하우스-7,37.5358359484662,127.075500908574
673,2025,11215,광진구,10500,자양동,1,대지,779,0,타워더모스트광진아크로텔,2025-04-16,308000000,31.1,44.65,15.0,2014.0,오피스텔,중개거래,서울특별시 광진구 자양동 0779-0000 타워더모스트광진아크로텔,37.5375239543766,127.082272036701
674,2025,11215,광진구,10500,자양동,1,대지,227,109,타임빌,2025-02-12,520000000,24.1,18.0,3.0,2017.0,연립다세대,중개거래,서울특별시 광진구 자양동 0227-0109 타임빌,37.5374999394631,127.076305245404
675,2025,11215,광진구,10100,중곡동,1,대지,234,47,태라(중곡),2025-05-07,570000000,58.16,39.0,3.0,2022.0,연립다세대,직거래,서울특별시 광진구 중곡동 0234-0047 태라(중곡),37.5647333374384,127.078081985738
676,2025,11215,광진구,10500,자양동,1,대지,679,28,태솔타운,2025-04-09,650000000,56.22,31.0,4.0,2016.0,연립다세대,중개거래,서울특별시 광진구 자양동 0679-0028 태솔타운,37.53205570176,127.084679941568
677,2025,11215,광진구,10500,자양동,1,대지,690,49,태언빌리지,2025-01-07,935940000,63.09,36.0,4.0,1996.0,연립다세대,직거래,서울특별시 광진구 자양동 0690-0049 태언빌리지,37.5313121547892,127.088062232096
678,2025,11215,광진구,10100,중곡동,1,대지,293,32,태영아트빌,2025-05-29,313000000,29.96,23.0,3.0,2015.0,연립다세대,중개거래,서울특별시 광진구 중곡동 0293-0032 태영아트빌,37.5692598645996,127.086954799058
679,2025,11215,광진구,10300,구의동,1,대지,35,10,태진빌리지,2025-03-13,360000000,67.65,36.0,1.0,2003.0,연립다세대,중개거래,서울특별시 광진구 구의동 0035-0010 태진빌리지,37.5515522056516,127.095706735403
680,2025,11215,광진구,10300,구의동,1,대지,208,37,테라리움구의,2025-04-15,390000000,43.02,31.0,5.0,2018.0,연립다세대,중개거래,서울특별시 광진구 구의동 0208-0037 테라리움구의,37.5418795733425,127.091683442241
681,2025,11215,광진구,10700,화양동,1,대지,2,10,테라팰리스 건대4차,2025-03-31,482900000,38.2,54.75,7.0,2023.0,오피스텔,직거래,서울특별시 광진구 화양동 0002-0010 테라팰리스 건대4차,37.5448042098709,127.072660200155
682,2025,11215,광진구,10700,화양동,1,대지,531,0,테라팰리스건대1차,2025-06-27,550000000,39.87,0.0,7.0,2019.0,아파트,중개거래,서울특별시 광진구 화양동 0531-0000 테라팰리스건대1차,37.543926759636,127.068068952383
683,2025,11215,광진구,10500,자양동,1,대지,860,0,테라팰리스건대2차,2025-06-21,800000000,56.4,0.0,6.0,2018.0,아파트,중개거래,서울특별시 광진구 자양동 0860-0000 테라팰리스건대2차,37.5382459828861,127.077937363821
684,2025,11215,광진구,10100,중곡동,1,대지,624,19,테라팰리스중곡1,2025-05-19,680000000,71.803,0.0,5.0,2017.0,아파트,중개거래,서울특별시 광진구 중곡동 0624-0019 테라팰리스중곡1,37.5603668238581,127.076869110827
685,2025,11215,광진구,10100,중곡동,1,대지,624,51,테라팰리스중곡Ⅱ,2025-01-16,330000000,29.983,17.0,5.0,2017.0,연립다세대,직거래,서울특별시 광진구 중곡동 0624-0051 테라팰리스중곡Ⅱ,37.5606007301724,127.076857467116
686,2025,11215,광진구,10100,중곡동,1,대지,121,45,테미하우스(121-45),2025-03-28,355000000,29.59,19.0,3.0,2016.0,연립다세대,중개거래,서울특별시 광진구 중곡동 0121-0045 테미하우스(121-45),37.5564454844413,127.086164319571
687,2025,11215,광진구,10500,자양동,1,대지,690,58,파라다이스리버빌,2025-05-20,1900000000,185.04,0.0,10.0,2001.0,아파트,중개거래,서울특별시 광진구 자양동 0690-0058 파라다이스리버빌,37.5302264807888,127.088621201228
688,2025,11215,광진구,10500,자양동,1,대지,683,6,파랑새빌라,2025-03-19,900000000,48.08,28.0,5.0,2017.0,연립다세대,중개거래,서울특별시 광진구 자양동 0683-0006 파랑새빌라,37.5331867554481,127.087728411352
689,2025,11215,광진구,10300,구의동,1,대지,556,2,파랑새빌라(556-2),2025-03-26,230000000,52.92,29.0,4.0,2002.0,연립다세대,중개거래,서울특별시 광진구 구의동 0556-0002 파랑새빌라(556-2),37.5553833600695,127.09388320825
690,2025,11215,광진구,10500,자양동,1,대지,619,10,파랑새빌라(619-10),2025-05-12,630000000,50.5,30.0,2.0,2016.0,연립다세대,중개거래,서울특별시 광진구 자양동 0619-0010 파랑새빌라(619-10),37.533610644983,127.078693861166
691,2025,11215,광진구,10300,구의동,1,대지,587,58,파르네빌,2025-02-15,1100000000,147.59,0.0,7.0,2008.0,아파트,중개거래,서울특별시 광진구 구의동 0587-0058 파르네빌,37.5360266774121,127.091219061459
692,2025,11215,광진구,10100,중곡동,1,대지,150,79,파인빌(150-79),2025-01-18,310000000,60.14,34.0,2.0,2002.0,연립다세대,중개거래,서울특별시 광진구 중곡동 0150-0079 파인빌(150-79),37.5618700222882,127.087638097653
693,2025,11215,광진구,10300,구의동,1,대지,68,23,파인캐슬,2025-05-26,745000000,72.9,33.0,6.0,2018.0,연립다세대,중개거래,서울특별시 광진구 구의동 0068-0023 파인캐슬,37.5462617445045,127.086942449589
694,2025,11215,광진구,10300,구의동,1,대지,36,14,파인힐빌,2025-01-28,350000000,62.79,30.0,3.0,2002.0,연립다세대,중개거래,서울특별시 광진구 구의동 0036-0014 파인힐빌,37.5508394539873,127.096116165198
695,2025,11215,광진구,10100,중곡동,1,대지,191,17,파크홈Ⅰ,2025-03-04,230000000,47.27,29.0,2.0,2013.0,연립다세대,직거래,서울특별시 광진구 중곡동 0191-0017 파크홈Ⅰ,37.5670616972219,127.079823933823
696,2025,11215,광진구,10500,자양동,1,대지,684,18,팔라티노(684-18),2025-04-25,700000000,28.15,27.0,2.0,2020.0,연립다세대,중개거래,서울특별시 광진구 자양동 0684-0018 팔라티노(684-18),37.5325886812712,127.088439579985
697,2025,11215,광진구,10500,자양동,1,대지,684,19,팔라티노(684-19),2025-06-25,710000000,28.15,28.0,2.0,2020.0,연립다세대,중개거래,서울특별시 광진구 자양동 0684-0019 팔라티노(684-19),37.5325772598762,127.088290675894
698,2025,11215,광진구,10100,중곡동,1,대지,170,51,퍼시픽빌리지C동,2025-03-08,270000000,37.07,38.0,4.0,1993.0,연립다세대,중개거래,서울특별시 광진구 중곡동 0170-0051 퍼시픽빌리지C동,37.5676459417376,127.08303320475
699,2025,11215,광진구,10900,군자동,1,대지,466,10,평강온새미로,2025-05-23,360000000,44.16,29.0,6.0,2015.0,연립다세대,중개거래,서울특별시 광진구 군자동 0466-0010 평강온새미로,37.5582545515632,127.075009583636
700,2025,11215,광진구,10500,자양동,1,대지,589,21,포시즌파크,2025-04-22,420000000,20.09,12.0,3.0,2017.0,연립다세대,중개거래,서울특별시 광진구 자양동 0589-0021 포시즌파크,37.5307091135724,127.073581706558
701,2025,11215,광진구,10400,광장동,1,대지,188,2,포제스 한강,2025-03-05,4950000000,115.49,0.0,6.0,0.0,아파트,직거래,서울특별시 광진구 광장동 0188-0002 포제스 한강,37.5473964463737,127.109492483067
702,2025,11215,광진구,10300,구의동,1,대지,254,58,푸른빌라,2025-03-28,280000000,48.07,25.0,3.0,2002.0,연립다세대,중개거래,서울특별시 광진구 구의동 0254-0058 푸른빌라,37.5416950329561,127.083186592474
703,2025,11215,광진구,10100,중곡동,1,대지,129,5,풍경채,2025-05-14,512000000,49.15,34.0,5.0,2016.0,연립다세대,중개거래,서울특별시 광진구 중곡동 0129-0005 풍경채,37.5564070188516,127.085659402599
704,2025,11215,광진구,10300,구의동,1,대지,202,31,풍미트윈빌B,2025-05-31,565000000,83.27,37.0,3.0,2002.0,연립다세대,중개거래,서울특별시 광진구 구의동 0202-0031 풍미트윈빌B,37.5425772254547,127.09351127883
705,2025,11215,광진구,10300,구의동,1,대지,244,6,퓨전빌,2025-06-05,710000000,83.69,0.0,1.0,2003.0,아파트,중개거래,서울특별시 광진구 구의동 0244-0006 퓨전빌,37.5386025419305,127.090874609025
706,2025,11215,광진구,10500,자양동,1,대지,664,15,프라임빌Ⅲ,2025-06-21,640000000,57.6,33.0,2.0,2008.0,연립다세대,중개거래,서울특별시 광진구 자양동 0664-0015 프라임빌Ⅲ,37.5301986024045,127.083987264985
707,2025,11215,광진구,10100,중곡동,1,대지,134,44,플러스빌,2024-12-09,340000000,60.52,29.0,3.0,2011.0,연립다세대,중개거래,서울특별시 광진구 중곡동 0134-0044 플러스빌,37.5570507547209,127.083813337563
708,2025,11215,광진구,10200,능동,1,대지,160,0,하나빌라,2025-04-17,400000000,50.88,35.0,1.0,2005.0,연립다세대,중개거래,서울특별시 광진구 능동 0160-0000 하나빌라,37.5535451912373,127.080918359188
709,2025,11215,광진구,10900,군자동,1,대지,367,10,하늘쉐르빌,2025-02-18,370000000,36.61,25.0,5.0,2016.0,연립다세대,중개거래,서울특별시 광진구 군자동 0367-0010 하늘쉐르빌,37.5492854840638,127.072257612166
710,2025,11215,광진구,10100,중곡동,1,대지,124,55,하우징허브이어짐,2025-05-12,288000000,28.84,19.0,5.0,2017.0,연립다세대,중개거래,서울특별시 광진구 중곡동 0124-0055 하우징허브이어짐,37.5580340984258,127.087179085089
711,2025,11215,광진구,10300,구의동,1,대지,251,161,하우트빌,2025-04-05,390000000,44.98,67.81,6.0,2020.0,오피스텔,중개거래,서울특별시 광진구 구의동 0251-0161 하우트빌,37.541357129364,127.084370126705
712,2025,11215,광진구,10100,중곡동,1,대지,150,193,하이눈빌라,2025-04-07,350000000,58.01,25.0,3.0,2001.0,연립다세대,중개거래,서울특별시 광진구 중곡동 0150-0193 하이눈빌라,37.5604329789643,127.086598772256
713,2025,11215,광진구,10700,화양동,1,대지,193,0,하이뷰오피스텔,2025-05-16,250000000,18.57,31.7906,20.0,2020.0,오피스텔,중개거래,서울특별시 광진구 화양동 0193-0000 하이뷰오피스텔,37.5473723706648,127.072295485009
714,2025,11215,광진구,10100,중곡동,1,대지,104,79,하이브빌(104-79),2025-03-28,380000000,56.14,34.0,1.0,2010.0,연립다세대,중개거래,서울특별시 광진구 중곡동 0104-0079 하이브빌(104-79),37.5555285518877,127.093831443788
715,2025,11215,광진구,10500,자양동,1,대지,669,15,하이시티빌,2025-04-04,450000000,29.98,19.0,3.0,2021.0,연립다세대,중개거래,서울특별시 광진구 자양동 0669-0015 하이시티빌,37.5290076162535,127.084173617871
716,2025,11215,광진구,10500,자양동,1,대지,690,53,한가람빌리지,2025-01-24,696690000,52.45,25.0,2.0,2002.0,연립다세대,직거래,서울특별시 광진구 자양동 0690-0053 한가람빌리지,37.5313121547892,127.088062232096
717,2025,11215,광진구,10500,자양동,1,대지,57,103,한강극동,2025-06-01,1390000000,84.45,0.0,10.0,1991.0,아파트,중개거래,서울특별시 광진구 자양동 0057-0103 한강극동,37.5337685742881,127.064448158666
718,2025,11215,광진구,10500,자양동,1,대지,498,2,한강로얄,2025-03-17,1220000000,123.39,0.0,6.0,2004.0,아파트,중개거래,서울특별시 광진구 자양동 0498-0002 한강로얄,37.5327127713092,127.070611061586
719,2025,11215,광진구,10500,자양동,1,대지,689,4,한강맨숀,2024-12-19,1424480000,72.7,55.0,3.0,1982.0,연립다세대,직거래,서울특별시 광진구 자양동 0689-0004 한강맨숀,37.5311681188657,127.088858657753
720,2025,11215,광진구,10300,구의동,1,대지,587,69,한강빌라,2025-05-09,800000000,78.33,44.0,2.0,1993.0,연립다세대,중개거래,서울특별시 광진구 구의동 0587-0069 한강빌라,37.5372634939351,127.090145456311
721,2025,11215,광진구,10500,자양동,1,대지,597,3,한강삼성그린빌,2025-04-30,700000000,29.5,21.0,3.0,2023.0,연립다세대,중개거래,서울특별시 광진구 자양동 0597-0003 한강삼성그린빌,37.5311102689409,127.077342533316
722,2025,11215,광진구,10500,자양동,1,대지,831,1,한강성원,2025-02-22,970000000,59.46,0.0,6.0,1997.0,아파트,중개거래,서울특별시 광진구 자양동 0831-0001 한강성원,37.5332585587887,127.066005089171
723,2025,11215,광진구,10500,자양동,1,대지,830,0,한강아남,2025-01-23,899000000,59.87,0.0,6.0,1995.0,아파트,중개거래,서울특별시 광진구 자양동 0830-0000 한강아남,37.5333808893661,127.065076657108
724,2025,11215,광진구,10500,자양동,1,대지,794,1,한강아르떼빌,2025-06-23,700000000,54.67,24.0,3.0,2022.0,연립다세대,중개거래,서울특별시 광진구 자양동 0794-0001 한강아르떼빌,37.5377458648809,127.077347915388
725,2025,11215,광진구,10500,자양동,1,대지,639,19,한강아트빌(639-19),2025-05-10,710000000,53.01,31.0,2.0,2015.0,연립다세대,중개거래,서울특별시 광진구 자양동 0639-0019 한강아트빌(639-19),37.5302558701428,127.078945343379
726,2025,11215,광진구,10500,자양동,1,대지,87,1,한강우성,2025-06-27,1780000000,84.72,0.0,22.0,1993.0,아파트,중개거래,서울특별시 광진구 자양동 0087-0001 한강우성,37.5325736855436,127.065722204383
727,2025,11215,광진구,10100,중곡동,1,대지,107,38,한강팰리스,2025-05-23,530000000,49.09,37.0,5.0,2020.0,연립다세대,중개거래,서울특별시 광진구 중곡동 0107-0038 한강팰리스,37.5560962385756,127.092616324066
728,2025,11215,광진구,10500,자양동,1,대지,829,0,한강현대,2025-05-16,1350000000,83.45,0.0,10.0,1993.0,아파트,중개거래,서울특별시 광진구 자양동 0829-0000 한강현대,37.5330883482377,127.066826558539
729,2025,11215,광진구,10400,광장동,1,대지,457,24,한강현대아파트,2025-03-29,445000000,46.38,0.0,8.0,2016.0,아파트,중개거래,서울특별시 광진구 광장동 0457-0024 한강현대아파트,37.5419041537347,127.100981694053
730,2025,11215,광진구,10900,군자동,1,대지,158,2,한그랑빌2,2025-06-16,450000000,70.09,40.0,1.0,2003.0,연립다세대,중개거래,서울특별시 광진구 군자동 0158-0002 한그랑빌2,37.5557131939807,127.0732957362
731,2025,11215,광진구,10500,자양동,1,대지,762,0,한라아파트,2025-06-06,980000000,59.96,0.0,13.0,1996.0,아파트,중개거래,서울특별시 광진구 자양동 0762-0000 한라아파트,37.5356576727188,127.070038503855
732,2025,11215,광진구,10300,구의동,1,대지,43,19,한성빌라,2025-06-25,245000000,50.71,42.0,-1.0,1996.0,연립다세대,중개거래,서울특별시 광진구 구의동 0043-0019 한성빌라,37.5503167208055,127.095306133854
733,2025,11215,광진구,10500,자양동,1,대지,672,0,한솔리베르,2025-05-29,900000000,83.29,0.0,19.0,2002.0,아파트,중개거래,서울특별시 광진구 자양동 0672-0000 한솔리베르,37.5281408521584,127.084678683607
734,2025,11215,광진구,10900,군자동,1,대지,48,41,한신빌,2025-05-20,385000000,53.72,29.0,5.0,2011.0,연립다세대,중개거래,서울특별시 광진구 군자동 0048-0041 한신빌,37.556152220674,127.075487335764
735,2025,11215,광진구,10500,자양동,1,대지,695,0,한양,2025-05-17,2780000000,157.87,0.0,10.0,1983.0,아파트,중개거래,서울특별시 광진구 자양동 0695-0000 한양,37.531444176204,127.091000782641
736,2025,11215,광진구,10300,구의동,1,대지,596,4,한양강변빌라트,2025-02-15,750000000,55.03,32.0,4.0,2023.0,연립다세대,중개거래,서울특별시 광진구 구의동 0596-0004 한양강변빌라트,37.533849556285,127.090207194873
737,2025,11215,광진구,10500,자양동,1,대지,663,10,한양센트빌,2025-03-11,580000000,46.4,27.0,2.0,2008.0,연립다세대,중개거래,서울특별시 광진구 자양동 0663-0010 한양센트빌,37.5302849793868,127.083136923799
738,2025,11215,광진구,10500,자양동,1,대지,774,6,한양에버빌,2024-12-10,720000000,35.11,30.0,6.0,2023.0,연립다세대,직거래,서울특별시 광진구 자양동 0774-0006 한양에버빌,37.5380705854115,127.079518298336
739,2025,11215,광진구,10500,자양동,1,대지,628,13,한양에버빌(628-13),2025-05-01,445000000,50.47,26.0,2.0,2016.0,연립다세대,중개거래,서울특별시 광진구 자양동 0628-0013 한양에버빌(628-13),37.534581591478,127.083379743514
740,2025,11215,광진구,10500,자양동,1,대지,774,3,한양에버빌V,2025-03-29,500000000,29.85,17.0,5.0,2021.0,연립다세대,중개거래,서울특별시 광진구 자양동 0774-0003 한양에버빌V,37.5380705854115,127.079518298336
741,2025,11215,광진구,10100,중곡동,1,대지,247,21,한양팰리스,2025-06-13,580000000,41.31,31.0,5.0,2021.0,연립다세대,중개거래,서울특별시 광진구 중곡동 0247-0021 한양팰리스,37.5633798073673,127.077753807012
742,2025,11215,광진구,10500,자양동,1,대지,589,7,한양팰리스(589-7),2025-01-03,470000000,36.77,22.0,6.0,2017.0,연립다세대,중개거래,서울특별시 광진구 자양동 0589-0007 한양팰리스(589-7),37.5307091135724,127.073581706558
743,2025,11215,광진구,10500,자양동,1,대지,662,16,한양팰리스(662-16),2025-05-22,730000000,47.91,30.0,2.0,2019.0,연립다세대,중개거래,서울특별시 광진구 자양동 0662-0016 한양팰리스(662-16),37.5311678984977,127.083097061463
744,2025,11215,광진구,10300,구의동,1,대지,60,51,한양하이츠빌라,2025-07-02,302000000,50.22,30.0,1.0,1991.0,연립다세대,중개거래,서울특별시 광진구 구의동 0060-0051 한양하이츠빌라,37.5470782727742,127.091418562914
745,2025,11215,광진구,10500,자양동,1,대지,593,27,한영그린빌,2025-04-19,810000000,46.38,28.0,6.0,2015.0,연립다세대,중개거래,서울특별시 광진구 자양동 0593-0027 한영그린빌,37.5301698011843,127.076377537785
746,2025,11215,광진구,10300,구의동,1,대지,71,6,한영해시안아파트,2025-04-08,645000000,59.8,0.0,10.0,2020.0,아파트,중개거래,서울특별시 광진구 구의동 0071-0006 한영해시안아파트,37.5489172581789,127.089948891857
747,2025,11215,광진구,10100,중곡동,1,대지,97,8,한울터,2025-07-06,230000000,38.68,23.0,3.0,2011.0,연립다세대,중개거래,서울특별시 광진구 중곡동 0097-0008 한울터,37.5551609631655,127.09116293207
748,2025,11215,광진구,10100,중곡동,1,대지,233,69,한울프라이빗,2025-04-14,440000000,44.91,38.0,5.0,2021.0,연립다세대,중개거래,서울특별시 광진구 중곡동 0233-0069 한울프라이빗,37.5644789185525,127.078591401223
749,2025,11215,광진구,10100,중곡동,1,대지,123,2,한울피렌체(123-2),2025-04-20,227000000,21.9,16.0,4.0,2015.0,연립다세대,중개거래,서울특별시 광진구 중곡동 0123-0002 한울피렌체(123-2),37.5573950652967,127.087727811386
750,2025,11215,광진구,10300,구의동,1,대지,641,8,한일트윈빌A,2025-06-14,512000000,76.18,37.0,4.0,2004.0,연립다세대,중개거래,서울특별시 광진구 구의동 0641-0008 한일트윈빌A,37.5434937534537,127.081817601926
751,2025,11215,광진구,10500,자양동,1,대지,694,3,한창주택2동,2025-05-14,1043000000,83.29,67.0,1.0,1983.0,연립다세대,중개거래,서울특별시 광진구 자양동 0694-0003 한창주택2동,37.5334450169164,127.089006630934
752,2025,11215,광진구,10500,자양동,1,대지,853,0,한화꿈에그린,2025-03-18,2130000000,138.68,0.0,8.0,2006.0,아파트,중개거래,서울특별시 광진구 자양동 0853-0000 한화꿈에그린,37.5336376083461,127.061846609299
753,2025,11215,광진구,10500,자양동,1,대지,478,1,해비치빌,2025-06-14,540000000,58.92,36.0,5.0,2009.0,연립다세대,중개거래,서울특별시 광진구 자양동 0478-0001 해비치빌,37.5315799136534,127.071408629528
754,2025,11215,광진구,10100,중곡동,1,대지,288,28,해성빌라(288-28),2025-06-14,250000000,44.25,28.0,2.0,2002.0,연립다세대,중개거래,서울특별시 광진구 중곡동 0288-0028 해성빌라(288-28),37.5698816104589,127.08711897568
755,2025,11215,광진구,10300,구의동,1,대지,226,21,해피하우스,2025-03-07,320000000,28.8,20.0,3.0,2018.0,연립다세대,중개거래,서울특별시 광진구 구의동 0226-0021 해피하우스,37.5432615659281,127.089991884683
756,2025,11215,광진구,10100,중곡동,1,대지,47,5,행복한집(47-5),2025-02-12,320000000,41.95,25.0,3.0,2011.0,연립다세대,직거래,서울특별시 광진구 중곡동 0047-0005 행복한집(47-5),37.5600029612146,127.081627173047
757,2025,11215,광진구,10500,자양동,1,대지,772,19,헤렌하우스(772-19),2025-06-07,650000000,29.9,26.0,3.0,2018.0,연립다세대,중개거래,서울특별시 광진구 자양동 0772-0019 헤렌하우스(772-19),37.5384434802504,127.079961667276
758,2025,11215,광진구,10300,구의동,1,대지,199,23,현대13차폴라트리움,2025-06-21,1450000000,84.85,0.0,18.0,2006.0,아파트,중개거래,서울특별시 광진구 구의동 0199-0023 현대13차폴라트리움,37.539418435938,127.094611329543
759,2025,11215,광진구,10400,광장동,1,대지,484,0,현대3,2025-01-04,985000000,59.67,0.0,1.0,1990.0,아파트,중개거래,서울특별시 광진구 광장동 0484-0000 현대3,37.5406210672303,127.098604360419
760,2025,11215,광진구,10400,광장동,1,대지,554,7,현대5,2025-03-09,1800000000,84.56,0.0,6.0,1989.0,아파트,중개거래,서울특별시 광진구 광장동 0554-0007 현대5,37.5397148467697,127.100097759202
761,2025,11215,광진구,10400,광장동,1,대지,565,0,"현대8(801동,802동)",2025-05-24,1610000000,84.92,0.0,11.0,1995.0,아파트,중개거래,"서울특별시 광진구 광장동 0565-0000 현대8(801동,802동)",37.541939865593,127.099671092254
762,2025,11215,광진구,10400,광장동,1,대지,569,0,현대8(803동),2025-05-30,1345000000,59.94,0.0,23.0,1996.0,아파트,중개거래,서울특별시 광진구 광장동 0569-0000 현대8(803동),37.5416047961619,127.098475191227
763,2025,11215,광진구,10500,자양동,1,대지,673,0,현대강변,2025-06-13,1190000000,82.08,0.0,4.0,1991.0,아파트,중개거래,서울특별시 광진구 자양동 0673-0000 현대강변,37.5284372034525,127.085909787145
764,2025,11215,광진구,10400,광장동,1,대지,102,0,현대골든텔,2025-01-10,290000000,26.73,36.58,6.0,1991.0,오피스텔,중개거래,서울특별시 광진구 광장동 0102-0000 현대골든텔,37.5516194181635,127.110947204792
765,2025,11215,광진구,10500,자양동,1,대지,679,7,현대그랑빌,2025-01-20,600000000,64.02,30.0,2.0,2003.0,연립다세대,중개거래,서울특별시 광진구 자양동 0679-0007 현대그랑빌,37.53205570176,127.084679941568
766,2025,11215,광진구,10500,자양동,1,대지,775,3,현대그린빌,2025-05-10,530000000,43.62,25.0,1.0,2002.0,연립다세대,중개거래,서울특별시 광진구 자양동 0775-0003 현대그린빌,37.5382039791356,127.079984267276
767,2025,11215,광진구,10100,중곡동,1,대지,599,2,현대그린타운,2025-06-02,278000000,65.93,29.0,2.0,1997.0,연립다세대,중개거래,서울특별시 광진구 중곡동 0599-0002 현대그린타운,37.5707098741828,127.088118559191
768,2025,11215,광진구,10300,구의동,1,대지,210,19,현대로얄빌라,2025-05-27,447000000,70.74,47.0,3.0,1997.0,연립다세대,중개거래,서울특별시 광진구 구의동 0210-0019 현대로얄빌라,37.5401620291758,127.09187505231
769,2025,11215,광진구,10500,자양동,1,대지,586,1,현대맨숀(586-1),2025-05-10,1400000000,74.22,59.0,2.0,1981.0,연립다세대,중개거래,서울특별시 광진구 자양동 0586-0001 현대맨숀(586-1),37.5317357372716,127.073544814041
770,2025,11215,광진구,10300,구의동,1,대지,233,25,현대빌라(233-25),2025-07-01,395000000,70.12,37.0,4.0,1992.0,연립다세대,중개거래,서울특별시 광진구 구의동 0233-0025 현대빌라(233-25),37.544563098291,127.087785419214
771,2025,11215,광진구,10300,구의동,1,대지,239,115,현대빌라(239-115),2025-02-11,180000000,48.78,21.0,-1.0,1995.0,연립다세대,중개거래,서울특별시 광진구 구의동 0239-0115 현대빌라(239-115),37.5417904699469,127.08739858072
772,2025,11215,광진구,10100,중곡동,1,대지,35,2,현대빌라(35-2),2025-06-18,385000000,66.97,29.0,3.0,2001.0,연립다세대,중개거래,서울특별시 광진구 중곡동 0035-0002 현대빌라(35-2),37.5621173406993,127.08629954075
773,2025,11215,광진구,10300,구의동,1,대지,60,2,현대빌라(60-2),2025-05-27,345000000,52.65,27.0,1.0,1997.0,연립다세대,중개거래,서울특별시 광진구 구의동 0060-0002 현대빌라(60-2),37.5481332175872,127.092733665131
774,2025,11215,광진구,10300,구의동,1,대지,73,23,현대빌라(73-23),2025-04-02,530000000,78.38,42.0,3.0,2000.0,연립다세대,중개거래,서울특별시 광진구 구의동 0073-0023 현대빌라(73-23),37.5491915869396,127.091039894825
775,2025,11215,광진구,10500,자양동,1,대지,643,23,현대빌라트(643-23),2025-05-28,1700000000,131.85,0.0,6.0,1993.0,아파트,중개거래,서울특별시 광진구 자양동 0643-0023 현대빌라트(643-23),37.5289587058647,127.079872348115
776,2025,11215,광진구,10300,구의동,1,대지,241,1,현대아트빌라(241-1),2025-06-22,168000000,34.31,15.0,-1.0,1995.0,연립다세대,중개거래,서울특별시 광진구 구의동 0241-0001 현대아트빌라(241-1),37.5408278530217,127.087261901919
777,2025,11215,광진구,10300,구의동,1,대지,31,21,현대아트빌라(31-21),2025-06-17,273000000,50.07,22.0,1.0,1994.0,연립다세대,중개거래,서울특별시 광진구 구의동 0031-0021 현대아트빌라(31-21),37.5530279186037,127.093610456989
778,2025,11215,광진구,10100,중곡동,1,대지,194,3,현대캐슬(194-3),2025-04-17,460000000,59.72,37.0,4.0,2022.0,연립다세대,중개거래,서울특별시 광진구 중곡동 0194-0003 현대캐슬(194-3),37.5695328774427,127.085084461911
779,2025,11215,광진구,10300,구의동,1,대지,220,55,현대타운2,2025-04-30,220000000,61.74,33.0,-1.0,1995.0,연립다세대,중개거래,서울특별시 광진구 구의동 0220-0055 현대타운2,37.5398755503823,127.090305879076
780,2025,11215,광진구,10500,자양동,1,대지,666,27,현대파크빌,2025-04-30,520000000,60.85,29.0,3.0,1996.0,연립다세대,중개거래,서울특별시 광진구 자양동 0666-0027 현대파크빌,37.529122325173,127.083650277871
781,2025,11215,광진구,10300,구의동,1,대지,43,23,현대파크빌(B),2024-12-26,413000000,78.07,44.0,4.0,2001.0,연립다세대,중개거래,서울특별시 광진구 구의동 0043-0023 현대파크빌(B),37.5500308653512,127.095267406896
782,2025,11215,광진구,10300,구의동,1,대지,231,18,현대팰리스,2025-04-16,641700000,78.43,0.0,2.0,2022.0,아파트,직거래,서울특별시 광진구 구의동 0231-0018 현대팰리스,37.5432620368722,127.08865462063
783,2025,11215,광진구,10300,구의동,1,대지,631,1,현대프라임,2025-06-27,3000000000,183.87,0.0,23.0,1997.0,아파트,중개거래,서울특별시 광진구 구의동 0631-0001 현대프라임,37.5373977464389,127.097621063329
784,2025,11215,광진구,10100,중곡동,1,대지,51,33,현대하이츠빌라,2025-06-12,180000000,52.98,24.0,-1.0,1997.0,연립다세대,중개거래,서울특별시 광진구 중곡동 0051-0033 현대하이츠빌라,37.5589212067061,127.083456882882
785,2025,11215,광진구,10400,광장동,1,대지,388,3,"현대하이츠빌라(A,B동)",2025-03-29,190000000,44.07,35.0,-1.0,1989.0,연립다세대,중개거래,"서울특별시 광진구 광장동 0388-0003 현대하이츠빌라(A,B동)",37.5475890179171,127.101073554536
786,2025,11215,광진구,10400,광장동,1,대지,580,0,현대홈타운12차,2025-02-11,2480000000,147.23,0.0,14.0,2004.0,아파트,중개거래,서울특별시 광진구 광장동 0580-0000 현대홈타운12차,37.5449488629893,127.103006566384
787,2025,11215,광진구,10100,중곡동,1,대지,96,35,현진(96-35),2025-03-25,535000000,50.29,30.0,4.0,2013.0,연립다세대,중개거래,서울특별시 광진구 중곡동 0096-0035 현진(96-35),37.5548798952942,127.090285729434
788,2025,11215,광진구,10300,구의동,1,대지,31,1,현진빌,2025-04-03,395000000,50.2,30.0,2.0,2015.0,연립다세대,중개거래,서울특별시 광진구 구의동 0031-0001 현진빌,37.5529624060386,127.093736672279
789,2025,11215,광진구,10300,구의동,1,대지,35,24,현진빌라(35-24),2025-07-09,120000000,25.23,18.0,-1.0,2011.0,연립다세대,중개거래,서울특별시 광진구 구의동 0035-0024 현진빌라(35-24),37.5509646804706,127.095129966449
790,2025,11215,광진구,10300,구의동,1,대지,46,19,현진빌라(46-19),2025-05-31,360000000,44.45,28.0,2.0,2014.0,연립다세대,중개거래,서울특별시 광진구 구의동 0046-0019 현진빌라(46-19),37.5504053759011,127.094187151183
791,2025,11215,광진구,10300,구의동,1,대지,69,25,현진빌라(69-25),2025-01-23,440000000,67.24,29.0,4.0,2012.0,연립다세대,중개거래,서울특별시 광진구 구의동 0069-0025 현진빌라(69-25),37.5465566719878,127.087632388442
792,2025,11215,광진구,10300,구의동,1,대지,60,58,현진시티빌,2025-04-15,400000000,65.77,31.0,3.0,2001.0,연립다세대,중개거래,서울특별시 광진구 구의동 0060-0058 현진시티빌,37.5478722682284,127.090553957448
793,2025,11215,광진구,10100,중곡동,1,대지,568,8,현진에코빌,2025-06-19,314000000,46.91,28.0,2.0,2015.0,연립다세대,중개거래,서울특별시 광진구 중곡동 0568-0008 현진에코빌,37.5709764973402,127.081573493565
794,2025,11215,광진구,10100,중곡동,1,대지,111,22,혜성빌2차,2025-04-16,555000000,78.16,44.0,3.0,2003.0,연립다세대,중개거래,서울특별시 광진구 중곡동 0111-0022 혜성빌2차,37.5541216310993,127.091900901064
795,2025,11215,광진구,10900,군자동,1,대지,343,12,호동,2025-04-23,740000000,75.57,0.0,1.0,2002.0,아파트,중개거래,서울특별시 광진구 군자동 0343-0012 호동,37.5513731992628,127.070599125655
796,2025,11215,광진구,10500,자양동,1,대지,225,71,호수빌라,2025-01-14,317000000,53.07,31.0,2.0,1991.0,연립다세대,직거래,서울특별시 광진구 자양동 0225-0071 호수빌라,37.5391120528295,127.075817180866
797,2025,11215,광진구,10100,중곡동,1,대지,158,31,홀가하우스,2025-02-11,457000000,32.65,50.02,12.0,2021.0,오피스텔,중개거래,서울특별시 광진구 중곡동 0158-0031 홀가하우스,37.5579307392969,127.080341597531
798,2025,11215,광진구,10700,화양동,1,대지,18,9,화양 디펠리체,2025-01-08,190000000,20.417,35.3563,16.0,2019.0,오피스텔,중개거래,서울특별시 광진구 화양동 0018-0009 화양 디펠리체,37.5477861709364,127.069644391626
799,2025,11215,광진구,10700,화양동,1,대지,116,2,화양동동도센트리움캠퍼스파크,2025-06-07,218000000,16.273,3.0,8.0,2019.0,연립다세대,중개거래,서울특별시 광진구 화양동 0116-0002 화양동동도센트리움캠퍼스파크,37.5475974741756,127.070902005783
800,2025,11215,광진구,10700,화양동,1,대지,234,0,화양현대,2025-06-21,900000000,59.97,0.0,20.0,1999.0,아파트,중개거래,서울특별시 광진구 화양동 0234-0000 화양현대,37.5445067326266,127.065844703899
801,2025,11215,광진구,10500,자양동,1,대지,513,7,황실빌라,2024-12-28,405000000,45.49,20.0,4.0,1992.0,연립다세대,중개거래,서울특별시 광진구 자양동 0513-0007 황실빌라,37.5359217346748,127.07052843728
802,2025,11215,광진구,10400,광장동,1,대지,108,0,효성리버카운티,2025-04-01,178000000,28.88,38.8,7.0,2003.0,오피스텔,중개거래,서울특별시 광진구 광장동 0108-0000 효성리버카운티,37.5514205243398,127.110030934525
803,2025,11215,광진구,10500,자양동,1,대지,689,0,효성맨숀가동,2025-02-10,1441840000,70.53,52.0,2.0,1983.0,연립다세대,직거래,서울특별시 광진구 자양동 0689-0000 효성맨숀가동,37.5312742924,127.088451151861
804,2025,11215,광진구,10500,자양동,1,대지,689,7,효성맨숀나동,2025-01-18,1466390000,71.4,57.0,2.0,1983.0,연립다세대,직거래,서울특별시 광진구 자양동 0689-0007 효성맨숀나동,37.5310948409352,127.088534095287
805,2025,11215,광진구,10100,중곡동,1,대지,246,54,휘게빌,2025-01-06,595000000,48.95,42.0,6.0,2020.0,연립다세대,중개거래,서울특별시 광진구 중곡동 0246-0054 휘게빌,37.5624615723331,127.077935531598
806,2025,11215,광진구,10100,중곡동,1,대지,89,21,힐그린하우스(89-21),2025-03-11,490000000,50.51,33.0,5.0,2014.0,연립다세대,중개거래,서울특별시 광진구 중곡동 0089-0021 힐그린하우스(89-21),37.5564024009007,127.090285302808
807,2025,11215,광진구,10100,중곡동,1,대지,90,4,힐그린하우스(90-4),2025-06-10,460000000,48.66,28.0,5.0,2014.0,연립다세대,중개거래,서울특별시 광진구 중곡동 0090-0004 힐그린하우스(90-4),37.5561409345955,127.090045284034
808,2025,11215,광진구,10300,구의동,1,대지,20,12,힐빌라트,2025-06-02,335000000,49.11,19.0,3.0,2002.0,연립다세대,중개거래,서울특별시 광진구 구의동 0020-0012 힐빌라트,37.554656542302,127.095880463454
809,2025,11215,광진구,10100,중곡동,1,대지,169,53,힐스포레중곡,2025-04-10,617000000,59.66,36.0,2.0,2023.0,연립다세대,중개거래,서울특별시 광진구 중곡동 0169-0053 힐스포레중곡,37.5680869249536,127.084380231627
810,2025,11215,광진구,10300,구의동,1,대지,211,21,힐알펜시아,2025-01-22,660000000,49.95,33.0,4.0,2024.0,연립다세대,직거래,서울특별시 광진구 구의동 0211-0021 힐알펜시아,37.540457165844,127.092491632942
811,2025,11215,광진구,10300,구의동,1,대지,596,8,힐카운티8,2025-02-15,480000000,43.5,25.0,2.0,2017.0,연립다세대,중개거래,서울특별시 광진구 구의동 0596-0008 힐카운티8,37.533849556285,127.090207194873
812,2025,11215,광진구,10300,구의동,1,대지,596,9,힐카운티9,2025-04-08,475000000,43.11,24.0,2.0,2017.0,연립다세대,중개거래,서울특별시 광진구 구의동 0596-0009 힐카운티9,37.533849556285,127.090207194873
813,2025,11215,광진구,10500,자양동,1,대지,610,24,힐하우스,2025-07-12,395000000,41.43,28.0,3.0,2008.0,연립다세대,중개거래,서울특별시 광진구 자양동 0610-0024 힐하우스,37.5342900647094,127.076259773151
